lineId,season,name,team,position,situation,games_played,icetime,iceTimeRank,xGoalsPercentage,corsiPercentage,fenwickPercentage,xOnGoalFor,xGoalsFor,xReboundsFor,xFreezeFor,xPlayStoppedFor,xPlayContinuedInZoneFor,xPlayContinuedOutsideZoneFor,flurryAdjustedxGoalsFor,scoreVenueAdjustedxGoalsFor,flurryScoreVenueAdjustedxGoalsFor,shotsOnGoalFor,missedShotsFor,blockedShotAttemptsFor,shotAttemptsFor,goalsFor,reboundsFor,reboundGoalsFor,freezeFor,playStoppedFor,playContinuedInZoneFor,playContinuedOutsideZoneFor,savedShotsOnGoalFor,savedUnblockedShotAttemptsFor,penaltiesFor,penalityMinutesFor,faceOffsWonFor,hitsFor,takeawaysFor,giveawaysFor,lowDangerShotsFor,mediumDangerShotsFor,highDangerShotsFor,lowDangerxGoalsFor,mediumDangerxGoalsFor,highDangerxGoalsFor,lowDangerGoalsFor,mediumDangerGoalsFor,highDangerGoalsFor,scoreAdjustedShotsAttemptsFor,unblockedShotAttemptsFor,scoreAdjustedUnblockedShotAttemptsFor,dZoneGiveawaysFor,xGoalsFromxReboundsOfShotsFor,xGoalsFromActualReboundsOfShotsFor,reboundxGoalsFor,totalShotCreditFor,scoreAdjustedTotalShotCreditFor,scoreFlurryAdjustedTotalShotCreditFor,xOnGoalAgainst,xGoalsAgainst,xReboundsAgainst,xFreezeAgainst,xPlayStoppedAgainst,xPlayContinuedInZoneAgainst,xPlayContinuedOutsideZoneAgainst,flurryAdjustedxGoalsAgainst,scoreVenueAdjustedxGoalsAgainst,flurryScoreVenueAdjustedxGoalsAgainst,shotsOnGoalAgainst,missedShotsAgainst,blockedShotAttemptsAgainst,shotAttemptsAgainst,goalsAgainst,reboundsAgainst,reboundGoalsAgainst,freezeAgainst,playStoppedAgainst,playContinuedInZoneAgainst,playContinuedOutsideZoneAgainst,savedShotsOnGoalAgainst,savedUnblockedShotAttemptsAgainst,penaltiesAgainst,penalityMinutesAgainst,faceOffsWonAgainst,hitsAgainst,takeawaysAgainst,giveawaysAgainst,lowDangerShotsAgainst,mediumDangerShotsAgainst,highDangerShotsAgainst,lowDangerxGoalsAgainst,mediumDangerxGoalsAgainst,highDangerxGoalsAgainst,lowDangerGoalsAgainst,mediumDangerGoalsAgainst,highDangerGoalsAgainst,scoreAdjustedShotsAttemptsAgainst,unblockedShotAttemptsAgainst,scoreAdjustedUnblockedShotAttemptsAgainst,dZoneGiveawaysAgainst,xGoalsFromxReboundsOfShotsAgainst,xGoalsFromActualReboundsOfShotsAgainst,reboundxGoalsAgainst,totalShotCreditAgainst,scoreAdjustedTotalShotCreditAgainst,scoreFlurryAdjustedTotalShotCreditAgainst
84747168480800,2026,Hughes-Spurgeon,MIN,pairing,5on5,2,1754.0,2.0,0.51,0.56,0.52,17.39,1.25,2.08,3.25,0.05,8.71,8.67,1.21,1.3,1.26,16.0,8.0,10.0,34.0,2.0,1.0,0.0,6.0,0.0,12.0,3.0,14.0,22.0,2.0,4.0,18.0,10.0,2.0,9.0,18.0,6.0,0.0,0.51,0.74,0.0,1.0,1.0,0.0,35.34,24.0,24.91,1.0,0.43,0.03,0.03,1.65,1.71,1.66,17.29,1.19,1.67,2.69,0.04,8.34,8.08,1.18,1.17,1.16,14.0,8.0,5.0,27.0,0.0,2.0,0.0,3.0,0.0,9.0,8.0,14.0,22.0,2.0,4.0,24.0,12.0,3.0,6.0,17.0,4.0,1.0,0.42,0.53,0.23,0.0,0.0,0.0,26.06,22.0,21.34,3.0,0.36,0.06,0.06,1.48,1.47,1.46
84816058483482,2026,Lacombe-Luneau,ANA,pairing,5on5,2,2245.0,2.0,0.41,0.4,0.36,12.5,1.38,1.29,2.18,0.04,6.24,5.86,1.26,1.48,1.34,10.0,7.0,12.0,29.0,2.0,2.0,1.0,2.0,0.0,7.0,4.0,8.0,15.0,1.0,2.0,21.0,15.0,1.0,12.0,12.0,3.0,2.0,0.28,0.4,0.71,0.0,1.0,1.0,30.47,17.0,17.88,5.0,0.27,0.64,0.91,0.75,0.77,0.7,21.69,1.96,2.21,3.94,0.07,10.51,11.31,1.84,1.91,1.79,17.0,13.0,13.0,43.0,1.0,5.0,1.0,3.0,0.0,11.0,10.0,16.0,29.0,2.0,4.0,19.0,18.0,5.0,11.0,20.0,7.0,3.0,0.44,0.82,0.69,0.0,0.0,1.0,39.97,30.0,28.32,7.0,0.46,0.56,0.56,1.85,1.76,1.74
847574584796718482705,2026,Sillinger-Coyle-Olivier,CBJ,line,5on5,2,1223.0,4.0,0.6,0.51,0.48,12.26,1.71,1.16,2.2,0.03,5.2,5.71,1.68,1.6,1.57,9.0,7.0,5.0,21.0,1.0,1.0,0.0,3.0,0.0,6.0,5.0,8.0,15.0,2.0,4.0,15.0,13.0,3.0,4.0,10.0,3.0,3.0,0.24,0.5,0.97,0.0,0.0,1.0,19.74,16.0,15.26,3.0,0.24,0.53,0.53,1.42,1.33,1.32,12.51,1.13,1.37,2.29,0.04,5.96,6.22,1.1,1.2,1.18,11.0,6.0,3.0,20.0,0.0,1.0,0.0,2.0,1.0,4.0,9.0,11.0,17.0,1.0,2.0,11.0,9.0,3.0,7.0,12.0,4.0,1.0,0.45,0.44,0.23,0.0,0.0,0.0,21.16,17.0,17.94,3.0,0.28,0.03,0.03,1.38,1.47,1.44
847528784764698479675,2026,Moore-Haula-Armia,LAK,line,5on5,1,605.0,3.0,0.45,0.38,0.5,6.82,0.26,0.61,1.43,0.02,4.08,3.61,0.25,0.27,0.25,8.0,2.0,0.0,10.0,1.0,0.0,0.0,0.0,0.0,6.0,3.0,7.0,9.0,0.0,0.0,7.0,5.0,0.0,4.0,9.0,1.0,0.0,0.17,0.09,0.0,1.0,0.0,0.0,9.82,10.0,9.87,3.0,0.13,0.0,0.0,0.39,0.4,0.37,7.3,0.33,0.8,1.34,0.01,3.73,3.79,0.32,0.32,0.32,8.0,2.0,6.0,16.0,2.0,0.0,0.0,3.0,0.0,4.0,1.0,6.0,8.0,0.0,0.0,8.0,0.0,1.0,6.0,8.0,2.0,0.0,0.15,0.17,0.0,2.0,0.0,0.0,15.67,10.0,9.77,4.0,0.17,0.0,0.0,0.49,0.48,0.48
847584884810328483395,2026,Bains-Cotter-Gallagher,VAN,line,5on5,2,668.0,11.0,0.2,0.32,0.29,3.42,0.18,0.29,0.61,0.0,1.48,2.43,0.18,0.19,0.19,3.0,2.0,2.0,7.0,0.0,0.0,0.0,1.0,0.0,2.0,2.0,3.0,5.0,2.0,4.0,3.0,5.0,1.0,4.0,5.0,0.0,0.0,0.18,0.0,0.0,0.0,0.0,0.0,7.25,5.0,5.36,3.0,0.06,0.0,0.0,0.24,0.25,0.25,8.61,0.71,1.05,1.29,0.02,4.55,4.38,0.68,0.72,0.69,6.0,6.0,3.0,15.0,1.0,2.0,0.0,0.0,0.0,6.0,3.0,5.0,11.0,1.0,2.0,7.0,9.0,0.0,1.0,9.0,2.0,1.0,0.26,0.24,0.21,0.0,0.0,1.0,14.99,12.0,12.13,0.0,0.21,0.05,0.05,0.87,0.89,0.85
847849884800128483476,2026,Debrusk-Pettersson-Lekkerimaki,VAN,line,5on5,2,781.0,9.0,0.12,0.32,0.25,2.91,0.08,0.22,0.73,0.01,1.6,1.36,0.08,0.08,0.08,3.0,1.0,3.0,7.0,1.0,0.0,0.0,0.0,0.0,2.0,1.0,2.0,3.0,0.0,0.0,6.0,3.0,2.0,6.0,4.0,0.0,0.0,0.08,0.0,0.0,1.0,0.0,0.0,7.76,4.0,4.33,3.0,0.04,0.0,0.0,0.12,0.13,0.13,8.59,0.58,0.76,1.76,0.02,4.53,4.36,0.56,0.54,0.53,10.0,2.0,3.0,15.0,0.0,0.0,0.0,3.0,0.0,5.0,4.0,10.0,12.0,0.0,0.0,8.0,9.0,3.0,5.0,9.0,3.0,0.0,0.22,0.36,0.0,0.0,0.0,0.0,14.27,12.0,11.48,4.0,0.15,0.0,0.0,0.73,0.69,0.67
84706138476312,2026,Manson-Burns,COL,pairing,5on5,2,903.0,4.0,0.64,0.57,0.6,11.28,1.15,1.35,2.03,0.03,5.2,5.23,1.06,1.16,1.07,12.0,3.0,6.0,21.0,2.0,4.0,1.0,3.0,0.0,4.0,2.0,10.0,13.0,0.0,0.0,7.0,9.0,0.0,6.0,11.0,3.0,1.0,0.34,0.41,0.41,1.0,1.0,0.0,22.29,15.0,15.48,4.0,0.28,0.39,0.39,1.05,1.06,1.02,7.77,0.64,0.77,1.36,0.02,3.26,3.95,0.64,0.63,0.63,7.0,3.0,6.0,16.0,2.0,0.0,0.0,0.0,0.0,3.0,5.0,5.0,8.0,0.0,0.0,8.0,5.0,0.0,3.0,7.0,3.0,0.0,0.2,0.44,0.0,1.0,1.0,0.0,15.06,10.0,9.64,1.0,0.16,0.0,0.0,0.8,0.79,0.79
848209784835008484145,2026,Benson-Ostlund-Quinn,BUF,line,5on5,2,1493.0,2.0,0.62,0.73,0.74,21.26,1.73,2.14,3.56,0.06,10.49,11.02,1.7,1.65,1.62,14.0,15.0,7.0,36.0,2.0,2.0,0.0,3.0,1.0,11.0,10.0,12.0,27.0,1.0,5.0,9.0,10.0,2.0,8.0,23.0,5.0,1.0,0.87,0.61,0.24,1.0,1.0,0.0,34.36,29.0,27.76,3.0,0.44,0.02,0.02,2.15,2.06,2.02,7.61,1.04,0.77,1.25,0.02,3.3,3.61,1.01,1.07,1.03,4.0,6.0,3.0,13.0,1.0,1.0,0.0,2.0,0.0,3.0,3.0,3.0,9.0,4.0,11.0,14.0,5.0,2.0,12.0,5.0,3.0,2.0,0.18,0.27,0.6,0.0,0.0,1.0,13.44,10.0,10.36,7.0,0.16,0.36,0.36,0.84,0.85,0.85
84769678484258,2026,Kulak-Malinski,COL,pairing,5on5,2,734.0,6.0,0.62,0.52,0.6,8.86,0.97,0.89,1.64,0.02,3.98,4.5,0.96,0.98,0.97,7.0,5.0,3.0,15.0,0.0,3.0,0.0,2.0,0.0,4.0,3.0,7.0,12.0,0.0,0.0,1.0,4.0,1.0,2.0,7.0,4.0,1.0,0.23,0.44,0.3,0.0,0.0,0.0,16.01,12.0,12.46,2.0,0.18,0.11,0.11,1.04,1.06,1.06,5.9,0.59,0.57,1.09,0.01,2.71,3.02,0.59,0.58,0.58,4.0,4.0,6.0,14.0,0.0,0.0,0.0,3.0,0.0,2.0,3.0,4.0,8.0,0.0,0.0,8.0,7.0,4.0,2.0,5.0,3.0,0.0,0.18,0.41,0.0,0.0,0.0,0.0,13.44,8.0,7.72,1.0,0.12,0.0,0.0,0.71,0.7,0.69
84752188480803,2026,Ekholm-Bouchard,EDM,pairing,5on5,3,2326.0,4.0,0.76,0.78,0.79,22.76,1.97,2.29,3.88,0.06,11.57,11.24,1.9,1.96,1.89,21.0,10.0,16.0,47.0,4.0,3.0,0.0,1.0,0.0,11.0,12.0,17.0,27.0,2.0,4.0,16.0,17.0,3.0,13.0,21.0,8.0,2.0,0.47,1.08,0.42,2.0,0.0,2.0,47.46,31.0,31.32,6.0,0.47,0.06,0.06,2.38,2.38,2.3,5.78,0.62,0.64,0.75,0.01,2.32,2.73,0.62,0.6,0.6,6.0,2.0,5.0,13.0,0.0,0.0,0.0,1.0,0.0,3.0,4.0,6.0,8.0,0.0,0.0,22.0,9.0,0.0,13.0,5.0,3.0,0.0,0.18,0.43,0.0,0.0,0.0,0.0,12.59,8.0,7.81,5.0,0.14,0.0,0.0,0.69,0.67,0.67
847795584815548482665,2026,Mccann-Beniers-Kakko,SEA,line,5on5,2,1141.0,4.0,0.34,0.45,0.5,8.66,0.72,0.88,1.61,0.02,4.68,4.17,0.67,0.79,0.74,11.0,2.0,1.0,14.0,2.0,3.0,1.0,2.0,0.0,4.0,2.0,9.0,11.0,0.0,0.0,10.0,3.0,2.0,4.0,10.0,3.0,0.0,0.26,0.46,0.0,0.0,2.0,0.0,15.61,13.0,14.05,2.0,0.18,0.2,0.2,0.63,0.69,0.65,9.48,1.42,1.05,1.48,0.03,4.29,4.75,1.25,1.34,1.18,8.0,5.0,4.0,17.0,1.0,1.0,0.0,0.0,0.0,6.0,5.0,7.0,12.0,2.0,4.0,13.0,8.0,2.0,10.0,9.0,2.0,2.0,0.34,0.32,0.75,1.0,0.0,0.0,16.03,13.0,12.39,4.0,0.22,0.54,0.54,1.09,1.03,1.0
847518484800188481540,2026,Kreider-Suzuki-Caufield,MTL,line,5on5,2,1249.0,2.0,0.42,0.6,0.52,11.98,0.81,1.16,2.38,0.03,6.0,6.62,0.81,0.83,0.83,9.0,8.0,9.0,26.0,2.0,0.0,0.0,1.0,0.0,7.0,7.0,7.0,15.0,1.0,2.0,11.0,18.0,3.0,4.0,13.0,4.0,0.0,0.34,0.47,0.0,1.0,1.0,0.0,26.01,17.0,17.12,3.0,0.23,0.0,0.0,1.05,1.07,1.06,11.0,1.12,1.26,1.89,0.03,5.97,5.72,1.09,1.06,1.04,11.0,5.0,1.0,17.0,1.0,1.0,0.0,4.0,0.0,3.0,7.0,10.0,15.0,0.0,0.0,14.0,5.0,2.0,5.0,9.0,7.0,0.0,0.27,0.85,0.0,1.0,0.0,0.0,16.43,16.0,15.46,2.0,0.26,0.1,0.1,1.28,1.22,1.21
84763728481122,2026,Seeler-Benoit,PHI,pairing,5on5,2,1590.0,4.0,0.3,0.46,0.43,7.33,0.48,0.7,1.19,0.02,3.55,4.06,0.48,0.49,0.48,7.0,3.0,6.0,16.0,0.0,0.0,0.0,0.0,0.0,4.0,6.0,7.0,10.0,5.0,10.0,7.0,14.0,2.0,14.0,8.0,2.0,0.0,0.23,0.25,0.0,0.0,0.0,0.0,15.34,10.0,9.85,5.0,0.14,0.0,0.0,0.63,0.63,0.63,9.97,1.1,0.91,1.76,0.02,4.33,4.88,1.07,1.12,1.08,11.0,2.0,6.0,19.0,0.0,0.0,0.0,5.0,0.0,6.0,2.0,11.0,13.0,3.0,6.0,6.0,12.0,2.0,8.0,8.0,4.0,1.0,0.26,0.55,0.29,0.0,0.0,0.0,19.56,13.0,13.35,2.0,0.18,0.0,0.0,1.29,1.31,1.26
84769028480878,2026,Lindell-Lundkvist,DAL,pairing,5on5,2,710.0,8.0,0.51,0.57,0.71,8.98,0.47,0.71,1.72,0.02,4.23,4.86,0.46,0.43,0.42,9.0,3.0,1.0,13.0,0.0,1.0,0.0,4.0,0.0,2.0,5.0,9.0,12.0,1.0,2.0,8.0,5.0,0.0,2.0,10.0,2.0,0.0,0.21,0.26,0.0,0.0,0.0,0.0,12.12,12.0,11.18,1.0,0.15,0.0,0.0,0.61,0.56,0.56,3.67,0.45,0.32,0.69,0.01,1.7,1.83,0.44,0.49,0.48,3.0,2.0,5.0,10.0,0.0,0.0,0.0,0.0,0.0,3.0,2.0,3.0,5.0,0.0,0.0,2.0,3.0,0.0,3.0,3.0,2.0,0.0,0.09,0.36,0.0,0.0,0.0,0.0,10.88,5.0,5.44,3.0,0.06,0.0,0.0,0.51,0.56,0.55
84769068484428,2026,Gostisbehere-Legault,CAR,pairing,5on5,2,1209.0,6.0,0.28,0.48,0.43,6.48,0.33,0.57,1.48,0.01,3.36,3.25,0.33,0.3,0.3,3.0,6.0,6.0,15.0,0.0,0.0,0.0,0.0,0.0,6.0,3.0,3.0,9.0,2.0,4.0,9.0,15.0,1.0,6.0,8.0,1.0,0.0,0.13,0.2,0.0,0.0,0.0,0.0,13.6,9.0,8.31,5.0,0.12,0.0,0.0,0.45,0.4,0.4,9.22,0.86,0.87,1.39,0.02,4.37,4.49,0.85,0.93,0.93,9.0,3.0,4.0,16.0,0.0,1.0,0.0,2.0,0.0,3.0,6.0,9.0,12.0,6.0,12.0,13.0,14.0,0.0,12.0,7.0,5.0,0.0,0.17,0.69,0.0,0.0,0.0,0.0,17.36,12.0,12.89,5.0,0.19,0.14,0.14,0.91,0.97,0.97
84815468482142,2026,York-Drysdale,PHI,pairing,5on5,3,2405.0,6.0,0.3,0.27,0.29,11.91,1.4,1.56,1.89,0.03,5.68,5.44,1.32,1.39,1.31,10.0,6.0,6.0,22.0,1.0,2.0,0.0,2.0,0.0,4.0,7.0,9.0,15.0,2.0,4.0,30.0,26.0,4.0,12.0,10.0,4.0,2.0,0.35,0.45,0.6,0.0,0.0,1.0,21.93,16.0,16.23,8.0,0.33,0.38,0.38,1.34,1.35,1.3,30.18,3.25,3.33,5.8,0.07,13.8,13.75,3.02,3.28,3.05,29.0,11.0,19.0,59.0,2.0,8.0,0.0,5.0,0.0,14.0,11.0,27.0,38.0,2.0,4.0,18.0,12.0,2.0,13.0,27.0,9.0,4.0,0.67,1.03,1.55,1.0,1.0,0.0,58.59,40.0,40.0,4.0,0.7,1.6,1.6,2.35,2.37,2.23
847742984793378482078,2026,Raymond-Copp-Debrincat,DET,line,5on5,2,1325.0,2.0,0.38,0.53,0.43,9.07,0.56,0.85,1.59,0.02,4.62,5.35,0.55,0.52,0.51,8.0,5.0,7.0,20.0,0.0,0.0,0.0,2.0,0.0,7.0,4.0,8.0,13.0,1.0,2.0,13.0,12.0,1.0,5.0,12.0,1.0,0.0,0.39,0.18,0.0,0.0,0.0,0.0,18.31,13.0,12.0,5.0,0.17,0.0,0.0,0.74,0.68,0.67,12.63,0.9,1.24,2.05,0.03,6.01,6.77,0.87,0.97,0.93,13.0,4.0,1.0,18.0,0.0,2.0,0.0,1.0,0.0,10.0,4.0,13.0,17.0,1.0,2.0,8.0,9.0,2.0,3.0,13.0,4.0,0.0,0.43,0.47,0.0,0.0,0.0,0.0,19.31,17.0,18.11,1.0,0.26,0.1,0.1,1.06,1.14,1.11
847515184775008482476,2026,Heineman-Horvat-Palmieri,NYI,line,5on5,2,698.0,7.0,0.16,0.16,0.17,2.35,0.22,0.35,0.43,0.01,1.05,0.95,0.22,0.23,0.23,2.0,1.0,1.0,4.0,0.0,0.0,0.0,1.0,0.0,1.0,1.0,2.0,3.0,3.0,6.0,7.0,8.0,0.0,3.0,2.0,1.0,0.0,0.06,0.16,0.0,0.0,0.0,0.0,4.03,3.0,3.04,2.0,0.07,0.0,0.0,0.29,0.3,0.3,10.61,1.15,1.17,1.93,0.03,4.75,5.97,1.09,1.13,1.07,9.0,6.0,6.0,21.0,0.0,3.0,0.0,0.0,0.0,7.0,5.0,9.0,15.0,1.0,2.0,6.0,5.0,1.0,0.0,11.0,3.0,1.0,0.43,0.42,0.3,0.0,0.0,0.0,19.59,15.0,14.59,0.0,0.24,0.32,0.32,1.08,1.06,1.04
84775068481014,2026,Romanov-Pulock,NYI,pairing,5on5,2,1159.0,5.0,0.29,0.15,0.17,3.88,0.68,0.44,0.57,0.01,1.64,1.67,0.66,0.68,0.66,4.0,1.0,1.0,6.0,0.0,0.0,0.0,0.0,0.0,2.0,3.0,4.0,5.0,1.0,2.0,3.0,10.0,2.0,7.0,1.0,3.0,1.0,0.01,0.42,0.24,0.0,0.0,0.0,5.85,5.0,4.88,5.0,0.09,0.0,0.0,0.77,0.77,0.74,17.76,1.66,1.98,3.24,0.05,7.39,9.68,1.57,1.62,1.53,19.0,5.0,10.0,34.0,0.0,5.0,0.0,3.0,0.0,10.0,6.0,19.0,24.0,1.0,2.0,9.0,5.0,2.0,6.0,18.0,4.0,2.0,0.51,0.51,0.63,0.0,0.0,0.0,33.1,24.0,23.9,3.0,0.42,0.42,0.42,1.65,1.62,1.58
84751718479442,2026,Ekman-Larsson-Stecher,TOR,pairing,5on5,3,1912.0,7.0,0.53,0.59,0.56,18.77,1.42,2.41,2.91,0.05,8.89,9.33,1.39,1.37,1.33,16.0,9.0,9.0,34.0,2.0,3.0,0.0,2.0,0.0,14.0,4.0,14.0,23.0,3.0,6.0,19.0,12.0,2.0,9.0,19.0,5.0,1.0,0.64,0.55,0.22,0.0,2.0,0.0,33.27,25.0,24.65,6.0,0.52,0.12,0.12,1.81,1.75,1.71,15.84,1.24,1.53,2.52,0.04,6.7,7.97,1.24,1.32,1.31,12.0,8.0,4.0,24.0,1.0,0.0,1.0,2.0,0.0,4.0,13.0,11.0,19.0,2.0,4.0,15.0,16.0,0.0,10.0,14.0,5.0,1.0,0.3,0.65,0.29,1.0,0.0,0.0,25.04,20.0,20.75,4.0,0.32,0.0,0.07,1.49,1.58,1.58
84768548478840,2026,Lindholm-Borgen,BOS,pairing,5on5,3,2776.0,4.0,0.55,0.5,0.49,25.74,2.27,2.8,4.05,0.07,12.92,12.89,2.24,2.27,2.25,22.0,13.0,10.0,45.0,2.0,4.0,0.0,4.0,0.0,11.0,14.0,20.0,33.0,0.0,0.0,26.0,24.0,4.0,12.0,23.0,11.0,1.0,0.69,1.34,0.23,1.0,1.0,0.0,44.94,35.0,34.95,4.0,0.59,0.13,0.13,2.73,2.74,2.71,27.42,1.88,3.44,5.05,0.07,13.45,13.12,1.83,1.84,1.79,20.0,17.0,8.0,45.0,0.0,3.0,0.0,7.0,0.0,19.0,8.0,20.0,37.0,1.0,2.0,30.0,28.0,4.0,17.0,27.0,10.0,0.0,0.76,1.13,0.0,0.0,0.0,0.0,44.44,37.0,36.5,4.0,0.71,0.08,0.08,2.52,2.46,2.39
84751888477447,2026,Theodore-Mcnabb,VGK,pairing,5on5,3,2621.0,5.0,0.62,0.55,0.54,22.79,2.78,2.42,4.11,0.06,10.72,10.9,2.69,2.74,2.65,18.0,13.0,14.0,45.0,6.0,4.0,3.0,1.0,0.0,8.0,12.0,12.0,25.0,0.0,0.0,15.0,12.0,4.0,22.0,20.0,5.0,6.0,0.59,0.56,1.64,1.0,0.0,5.0,43.73,31.0,30.23,10.0,0.5,0.83,0.83,2.46,2.39,2.35,20.01,1.71,2.06,3.19,0.05,8.35,10.64,1.66,1.77,1.71,19.0,7.0,11.0,37.0,2.0,3.0,1.0,3.0,0.0,8.0,10.0,17.0,24.0,1.0,2.0,22.0,21.0,5.0,13.0,17.0,7.0,2.0,0.51,0.72,0.48,1.0,0.0,1.0,37.62,26.0,26.29,5.0,0.44,0.33,0.33,1.81,1.84,1.83
84745908482655,2026,Moser-Carlson,TBL,pairing,5on5,2,1343.0,4.0,0.5,0.57,0.53,11.76,0.83,1.36,2.3,0.03,6.0,6.48,0.82,0.83,0.82,4.0,13.0,9.0,26.0,0.0,1.0,0.0,2.0,0.0,10.0,4.0,4.0,17.0,2.0,4.0,10.0,3.0,1.0,8.0,14.0,3.0,0.0,0.52,0.31,0.0,0.0,0.0,0.0,25.53,17.0,17.1,2.0,0.28,0.01,0.01,1.1,1.1,1.08,11.54,0.83,1.07,2.01,0.03,5.07,5.98,0.82,0.85,0.84,11.0,4.0,5.0,20.0,1.0,1.0,0.0,3.0,0.0,5.0,5.0,10.0,14.0,5.0,10.0,11.0,11.0,2.0,6.0,12.0,1.0,2.0,0.33,0.09,0.41,0.0,0.0,1.0,21.0,15.0,15.22,2.0,0.22,0.05,0.05,1.01,1.03,1.02
847793484779538481617,2026,Kapanen-Draisaitl-Podkolzin,EDM,line,5on5,2,787.0,7.0,0.97,0.88,0.84,11.78,1.32,1.16,2.17,0.03,5.76,5.56,1.27,1.22,1.17,13.0,3.0,5.0,21.0,1.0,1.0,0.0,3.0,0.0,7.0,4.0,12.0,15.0,0.0,0.0,8.0,9.0,0.0,5.0,10.0,4.0,2.0,0.23,0.55,0.54,0.0,0.0,1.0,19.43,16.0,14.85,3.0,0.23,0.01,0.01,1.55,1.43,1.37,2.47,0.04,0.12,0.4,0.01,1.05,1.38,0.04,0.05,0.05,2.0,1.0,0.0,3.0,1.0,0.0,0.0,0.0,0.0,1.0,1.0,1.0,2.0,0.0,0.0,8.0,2.0,2.0,7.0,3.0,0.0,0.0,0.04,0.0,0.0,1.0,0.0,0.0,3.24,3.0,3.23,4.0,0.03,0.0,0.0,0.07,0.08,0.08
84717248477845,2026,Letang-Van Riemsdyk,PIT,pairing,5on5,2,1427.0,4.0,0.6,0.59,0.62,13.13,0.85,1.35,2.33,0.03,6.96,6.48,0.77,0.97,0.87,13.0,5.0,4.0,22.0,1.0,1.0,0.0,4.0,0.0,11.0,1.0,12.0,17.0,2.0,4.0,14.0,8.0,2.0,9.0,15.0,3.0,0.0,0.46,0.39,0.0,1.0,0.0,0.0,25.17,18.0,20.39,3.0,0.28,0.02,0.02,1.1,1.25,1.13,8.21,0.56,0.81,1.38,0.01,4.13,4.11,0.55,0.54,0.54,8.0,3.0,4.0,15.0,0.0,0.0,0.0,1.0,0.0,7.0,3.0,8.0,11.0,2.0,4.0,19.0,14.0,0.0,8.0,8.0,3.0,0.0,0.16,0.39,0.0,0.0,0.0,0.0,14.37,11.0,10.55,3.0,0.17,0.0,0.0,0.72,0.71,0.71
84800438480796,2026,Fehervary-Liljegren,WSH,pairing,5on5,2,875.0,6.0,0.36,0.27,0.3,5.5,0.33,0.42,0.67,0.01,2.44,3.12,0.33,0.37,0.37,7.0,0.0,1.0,8.0,0.0,0.0,0.0,1.0,0.0,2.0,4.0,7.0,7.0,1.0,2.0,10.0,5.0,0.0,7.0,5.0,2.0,0.0,0.07,0.26,0.0,0.0,0.0,0.0,8.81,7.0,7.47,5.0,0.09,0.0,0.0,0.42,0.47,0.47,11.7,0.61,1.08,2.55,0.02,5.44,6.3,0.6,0.58,0.58,14.0,2.0,6.0,22.0,1.0,1.0,0.0,3.0,0.0,6.0,5.0,13.0,15.0,1.0,2.0,7.0,10.0,1.0,6.0,15.0,1.0,0.0,0.47,0.14,0.0,1.0,0.0,0.0,21.31,16.0,15.53,2.0,0.22,0.04,0.04,0.79,0.76,0.75
847578684784028480029,2026,Formenton-Mcdavid-Hyman,EDM,line,5on5,1,702.0,2.0,0.8,0.73,0.73,8.23,0.64,0.89,1.58,0.02,3.92,3.95,0.64,0.6,0.6,10.0,1.0,5.0,16.0,3.0,2.0,0.0,0.0,0.0,3.0,3.0,7.0,8.0,1.0,2.0,11.0,9.0,0.0,2.0,8.0,2.0,1.0,0.15,0.28,0.21,2.0,0.0,1.0,14.91,11.0,10.19,2.0,0.19,0.14,0.14,0.69,0.65,0.64,3.3,0.16,0.27,0.53,0.01,1.29,1.75,0.16,0.17,0.17,3.0,1.0,2.0,6.0,0.0,0.0,0.0,0.0,0.0,3.0,1.0,3.0,4.0,1.0,2.0,2.0,3.0,1.0,3.0,3.0,1.0,0.0,0.05,0.11,0.0,0.0,0.0,0.0,6.41,4.0,4.26,1.0,0.06,0.0,0.0,0.21,0.23,0.23
84768758480865,2026,Matheson-Dobson,MTL,pairing,5on5,2,1511.0,3.0,0.49,0.46,0.36,9.44,1.11,1.14,1.38,0.03,4.76,4.58,1.11,1.17,1.17,8.0,5.0,9.0,22.0,1.0,0.0,0.0,2.0,0.0,5.0,5.0,7.0,12.0,2.0,4.0,15.0,10.0,2.0,12.0,5.0,7.0,1.0,0.06,0.84,0.21,0.0,1.0,0.0,22.56,13.0,13.37,4.0,0.24,0.0,0.0,1.35,1.42,1.42,16.46,1.14,1.54,3.35,0.04,8.32,8.6,1.13,1.1,1.08,16.0,7.0,3.0,26.0,3.0,1.0,0.0,4.0,0.0,7.0,8.0,13.0,20.0,2.0,4.0,18.0,12.0,2.0,9.0,18.0,5.0,0.0,0.51,0.63,0.0,2.0,1.0,0.0,25.37,23.0,22.47,5.0,0.32,0.12,0.12,1.34,1.29,1.28
848001284810248482079,2026,Rossi-Pettersson-Karlsson,VAN,line,5on5,2,1059.0,2.0,0.38,0.28,0.29,4.48,0.31,0.42,0.81,0.01,1.79,2.65,0.3,0.29,0.29,4.0,2.0,4.0,10.0,0.0,1.0,0.0,0.0,0.0,3.0,2.0,4.0,6.0,2.0,4.0,10.0,16.0,2.0,7.0,4.0,2.0,0.0,0.14,0.17,0.0,0.0,0.0,0.0,9.59,6.0,5.8,4.0,0.09,0.06,0.06,0.34,0.32,0.32,9.92,0.5,0.93,2.19,0.02,5.27,6.09,0.49,0.53,0.51,7.0,8.0,11.0,26.0,0.0,0.0,0.0,3.0,0.0,5.0,7.0,7.0,15.0,1.0,2.0,7.0,3.0,2.0,6.0,14.0,1.0,0.0,0.41,0.09,0.0,0.0,0.0,0.0,27.23,15.0,15.81,2.0,0.19,0.0,0.0,0.69,0.73,0.71
847646884774168481604,2026,Dorofeyev-Miller-Bjorkstrand,NYR,line,5on5,4,1648.0,18.0,0.63,0.54,0.6,20.24,1.76,2.2,3.4,0.06,9.23,9.36,1.71,1.84,1.78,20.0,6.0,5.0,31.0,1.0,3.0,0.0,4.0,0.0,11.0,7.0,19.0,25.0,3.0,6.0,19.0,6.0,1.0,11.0,19.0,6.0,1.0,0.82,0.73,0.2,0.0,0.0,1.0,32.59,26.0,26.99,7.0,0.47,0.17,0.17,2.06,2.15,2.08,11.96,1.04,1.3,1.94,0.04,6.02,6.66,1.01,1.0,0.97,10.0,7.0,9.0,26.0,0.0,1.0,0.0,3.0,0.0,6.0,7.0,10.0,17.0,1.0,2.0,16.0,21.0,0.0,6.0,13.0,4.0,0.0,0.48,0.55,0.0,0.0,0.0,0.0,24.62,17.0,16.21,3.0,0.27,0.01,0.01,1.3,1.26,1.22
847751184794078481559,2026,Bratt-Hughes-Mantha,NJD,line,5on5,2,1174.0,4.0,0.78,0.78,0.78,13.46,1.18,1.31,2.52,0.03,5.96,7.0,1.15,1.14,1.11,15.0,3.0,7.0,25.0,1.0,1.0,0.0,3.0,0.0,4.0,9.0,14.0,17.0,0.0,0.0,4.0,4.0,3.0,10.0,13.0,5.0,0.0,0.51,0.68,0.0,1.0,0.0,0.0,23.58,18.0,17.23,4.0,0.27,0.07,0.07,1.39,1.34,1.31,3.56,0.33,0.39,0.61,0.01,1.79,1.87,0.33,0.35,0.35,4.0,1.0,2.0,7.0,0.0,0.0,0.0,2.0,0.0,1.0,2.0,4.0,5.0,2.0,4.0,12.0,14.0,3.0,9.0,3.0,2.0,0.0,0.1,0.23,0.0,0.0,0.0,0.0,7.34,5.0,5.19,4.0,0.08,0.0,0.0,0.42,0.43,0.43
84774988480891,2026,Nurse-Kesselring,SJS,pairing,5on5,2,1749.0,3.0,0.41,0.44,0.44,11.16,0.8,1.23,1.94,0.04,6.09,5.91,0.78,0.78,0.77,12.0,4.0,6.0,22.0,1.0,3.0,0.0,4.0,0.0,3.0,5.0,11.0,15.0,2.0,4.0,13.0,11.0,4.0,14.0,13.0,3.0,0.0,0.49,0.31,0.0,1.0,0.0,0.0,21.98,16.0,16.05,8.0,0.26,0.17,0.17,0.88,0.86,0.86,14.63,1.14,1.6,2.49,0.05,7.54,7.19,1.11,1.18,1.16,12.0,8.0,8.0,28.0,0.0,1.0,0.0,1.0,0.0,8.0,10.0,12.0,20.0,2.0,4.0,10.0,16.0,1.0,15.0,14.0,5.0,1.0,0.34,0.55,0.24,0.0,0.0,0.0,28.16,20.0,20.11,6.0,0.33,0.04,0.04,1.43,1.49,1.45
84788828482073,2026,Gavrikov-Schneider,NYR,pairing,5on5,4,612.0,21.0,0.6,0.57,0.73,6.52,0.32,0.8,0.89,0.01,2.9,3.08,0.3,0.34,0.32,6.0,2.0,4.0,12.0,0.0,2.0,0.0,3.0,0.0,2.0,1.0,6.0,8.0,1.0,2.0,3.0,11.0,2.0,2.0,7.0,1.0,0.0,0.23,0.08,0.0,0.0,0.0,0.0,12.41,8.0,8.46,2.0,0.18,0.12,0.12,0.37,0.4,0.39,1.93,0.21,0.23,0.32,0.01,0.93,1.31,0.21,0.21,0.21,1.0,2.0,6.0,9.0,0.0,0.0,0.0,1.0,0.0,0.0,2.0,1.0,3.0,2.0,4.0,3.0,3.0,1.0,0.0,2.0,1.0,0.0,0.09,0.12,0.0,0.0,0.0,0.0,8.42,3.0,2.96,0.0,0.05,0.0,0.0,0.26,0.26,0.26
847121584784388482475,2026,Malkin-Novak-Chinakhov,PIT,line,5on5,2,1207.0,4.0,0.53,0.43,0.48,9.04,0.68,0.89,1.98,0.02,4.52,4.92,0.66,0.69,0.67,7.0,6.0,3.0,16.0,1.0,0.0,0.0,2.0,0.0,6.0,4.0,6.0,12.0,2.0,4.0,3.0,5.0,1.0,4.0,10.0,3.0,0.0,0.25,0.43,0.0,0.0,1.0,0.0,17.57,13.0,13.95,2.0,0.18,0.0,0.0,0.85,0.87,0.85,10.61,0.61,1.05,1.57,0.02,4.96,5.79,0.61,0.63,0.63,8.0,6.0,7.0,21.0,0.0,0.0,0.0,0.0,0.0,7.0,7.0,8.0,14.0,2.0,4.0,15.0,6.0,0.0,11.0,11.0,3.0,0.0,0.24,0.37,0.0,0.0,0.0,0.0,19.98,14.0,13.82,0.0,0.22,0.0,0.0,0.83,0.85,0.85
847418984779038478147,2026,Eller-Imama-Hathaway,FLA,line,5on5,3,796.0,13.0,0.99,0.82,0.88,5.13,0.29,0.49,1.03,0.01,2.59,2.58,0.29,0.3,0.3,6.0,1.0,7.0,14.0,0.0,0.0,0.0,2.0,0.0,3.0,2.0,6.0,7.0,4.0,11.0,5.0,24.0,1.0,3.0,5.0,2.0,0.0,0.07,0.22,0.0,0.0,0.0,0.0,13.93,7.0,7.01,1.0,0.1,0.0,0.0,0.39,0.4,0.4,0.86,0.0,0.01,0.02,0.0,0.27,0.7,0.0,0.0,0.0,1.0,0.0,2.0,3.0,0.0,0.0,0.0,0.0,0.0,1.0,0.0,1.0,1.0,3.0,9.0,5.0,10.0,1.0,6.0,1.0,0.0,0.0,0.0,0.0,0.0,0.0,0.0,0.0,2.97,1.0,1.04,2.0,0.0,0.0,0.0,0.01,0.01,0.01
84780138482166,2026,Walman-Mukhamadullin,EDM,pairing,5on5,2,600.0,10.0,0.16,0.44,0.3,2.16,0.1,0.19,0.31,0.0,1.14,1.26,0.1,0.11,0.11,2.0,1.0,4.0,7.0,0.0,1.0,0.0,0.0,0.0,1.0,1.0,2.0,3.0,1.0,2.0,3.0,4.0,3.0,4.0,2.0,1.0,0.0,0.02,0.08,0.0,0.0,0.0,0.0,7.68,3.0,3.23,2.0,0.04,0.02,0.02,0.12,0.14,0.13,5.0,0.55,0.55,0.97,0.01,2.36,2.55,0.53,0.49,0.47,6.0,1.0,2.0,9.0,3.0,1.0,1.0,1.0,0.0,1.0,1.0,3.0,4.0,1.0,2.0,5.0,3.0,1.0,3.0,5.0,1.0,1.0,0.17,0.17,0.21,1.0,1.0,1.0,8.0,7.0,6.37,1.0,0.12,0.21,0.21,0.45,0.4,0.4
847414184834938484390,2026,Kane-Nazar-Kantserov,CHI,line,5on5,3,1123.0,22.0,0.44,0.45,0.44,8.92,0.71,0.79,1.5,0.03,4.1,4.86,0.71,0.74,0.74,3.0,9.0,1.0,13.0,0.0,0.0,0.0,1.0,0.0,8.0,3.0,3.0,12.0,0.0,0.0,11.0,2.0,0.0,7.0,8.0,4.0,0.0,0.28,0.43,0.0,0.0,0.0,0.0,13.06,12.0,12.34,4.0,0.17,0.0,0.0,0.88,0.92,0.91,11.12,0.9,1.04,2.03,0.03,5.54,5.45,0.88,0.83,0.82,8.0,7.0,1.0,16.0,1.0,2.0,0.0,4.0,0.0,5.0,3.0,7.0,14.0,0.0,0.0,10.0,13.0,2.0,6.0,12.0,2.0,1.0,0.46,0.2,0.24,1.0,0.0,0.0,15.22,15.0,14.17,2.0,0.22,0.02,0.02,1.09,1.01,1.0
84769678478454,2026,Kulak-Juulsen,COL,pairing,5on5,2,640.0,9.0,0.05,0.41,0.18,1.36,0.03,0.13,0.32,0.0,0.76,0.76,0.03,0.03,0.03,2.0,0.0,5.0,7.0,0.0,0.0,0.0,0.0,0.0,0.0,2.0,2.0,2.0,2.0,4.0,7.0,4.0,0.0,2.0,2.0,0.0,0.0,0.03,0.0,0.0,0.0,0.0,0.0,7.55,2.0,2.1,1.0,0.03,0.0,0.0,0.06,0.06,0.06,7.06,0.63,0.69,1.21,0.02,3.04,3.41,0.62,0.62,0.61,6.0,3.0,1.0,10.0,0.0,2.0,0.0,1.0,0.0,3.0,3.0,6.0,9.0,0.0,0.0,1.0,12.0,0.0,5.0,6.0,3.0,0.0,0.22,0.41,0.0,0.0,0.0,0.0,9.51,9.0,8.68,2.0,0.15,0.23,0.23,0.54,0.54,0.54
847639284802898483471,2026,Barron-Lowry-Lambert,WPG,line,5on5,2,1068.0,5.0,0.28,0.35,0.31,6.65,0.28,0.64,1.17,0.01,3.46,3.45,0.27,0.29,0.28,5.0,4.0,5.0,14.0,0.0,1.0,0.0,2.0,0.0,3.0,3.0,5.0,9.0,1.0,2.0,11.0,13.0,1.0,8.0,8.0,1.0,0.0,0.19,0.09,0.0,0.0,0.0,0.0,14.6,9.0,9.4,3.0,0.14,0.02,0.02,0.39,0.41,0.4,14.9,0.72,1.62,2.56,0.05,7.78,7.27,0.71,0.72,0.7,15.0,5.0,6.0,26.0,0.0,4.0,0.0,3.0,0.0,6.0,7.0,15.0,20.0,3.0,6.0,15.0,6.0,2.0,7.0,17.0,3.0,0.0,0.4,0.33,0.0,0.0,0.0,0.0,25.07,20.0,19.24,1.0,0.34,0.09,0.09,0.98,0.97,0.94
84778108483495,2026,Hanley-Nemec,CGY,pairing,5on5,1,626.0,3.0,0.21,0.37,0.3,4.1,0.27,0.48,0.74,0.02,2.32,2.17,0.27,0.29,0.29,4.0,2.0,4.0,10.0,0.0,0.0,0.0,1.0,0.0,3.0,2.0,4.0,6.0,0.0,0.0,4.0,5.0,0.0,6.0,5.0,1.0,0.0,0.15,0.12,0.0,0.0,0.0,0.0,10.75,6.0,6.46,2.0,0.1,0.0,0.0,0.37,0.4,0.39,10.46,1.04,1.03,1.54,0.03,5.25,5.1,1.0,0.98,0.94,9.0,5.0,3.0,17.0,1.0,4.0,1.0,1.0,0.0,1.0,7.0,8.0,13.0,1.0,2.0,8.0,5.0,0.0,3.0,10.0,3.0,1.0,0.32,0.33,0.39,0.0,0.0,1.0,16.1,14.0,13.24,0.0,0.21,0.56,0.56,0.69,0.65,0.65
847795384793688482703,2026,Jones-Dach-Kapanen,EDM,line,5on5,3,990.0,17.0,0.21,0.52,0.55,8.64,0.28,0.99,1.44,0.02,4.62,4.66,0.27,0.28,0.28,3.0,9.0,4.0,16.0,0.0,2.0,0.0,1.0,0.0,6.0,3.0,3.0,12.0,3.0,6.0,8.0,8.0,2.0,4.0,11.0,1.0,0.0,0.2,0.08,0.0,0.0,0.0,0.0,16.36,12.0,12.05,1.0,0.2,0.04,0.04,0.44,0.44,0.43,7.34,1.01,0.82,1.38,0.03,3.32,3.46,0.96,0.91,0.86,7.0,3.0,5.0,15.0,3.0,2.0,2.0,1.0,0.0,3.0,1.0,4.0,7.0,3.0,6.0,7.0,6.0,2.0,8.0,6.0,2.0,2.0,0.21,0.26,0.54,0.0,1.0,2.0,13.6,10.0,9.09,5.0,0.17,0.54,0.54,0.64,0.59,0.58
847886484835258485702,2026,Kaprizov-Yurov-Shabanov,MIN,line,5on5,2,842.0,8.0,0.38,0.28,0.36,3.03,0.21,0.25,0.5,0.01,1.44,1.59,0.21,0.21,0.21,0.0,4.0,1.0,5.0,0.0,0.0,0.0,0.0,0.0,3.0,1.0,0.0,4.0,0.0,0.0,5.0,3.0,2.0,7.0,4.0,0.0,0.0,0.21,0.0,0.0,0.0,0.0,0.0,5.25,4.0,4.13,2.0,0.05,0.0,0.0,0.26,0.26,0.26,5.67,0.33,0.64,0.72,0.02,2.65,2.64,0.33,0.32,0.32,5.0,2.0,6.0,13.0,0.0,1.0,0.0,2.0,0.0,2.0,2.0,5.0,7.0,0.0,0.0,6.0,9.0,0.0,7.0,6.0,1.0,0.0,0.19,0.14,0.0,0.0,0.0,0.0,12.18,7.0,6.63,4.0,0.14,0.02,0.02,0.45,0.44,0.44
847353384769218477940,2026,Martinook-Staal-Ehlers,CAR,line,5on5,3,1243.0,8.0,0.37,0.58,0.55,9.11,0.38,0.85,1.88,0.02,4.57,4.3,0.38,0.38,0.37,10.0,2.0,7.0,19.0,0.0,0.0,0.0,2.0,0.0,8.0,2.0,10.0,12.0,0.0,0.0,15.0,16.0,2.0,6.0,10.0,2.0,0.0,0.18,0.21,0.0,0.0,0.0,0.0,18.66,12.0,11.91,0.0,0.18,0.0,0.0,0.56,0.55,0.55,7.43,0.66,0.65,1.38,0.01,3.28,4.01,0.66,0.68,0.68,7.0,3.0,4.0,14.0,1.0,0.0,0.0,4.0,0.0,1.0,4.0,6.0,9.0,0.0,0.0,12.0,11.0,3.0,7.0,5.0,5.0,0.0,0.08,0.58,0.0,0.0,1.0,0.0,14.21,10.0,10.26,2.0,0.13,0.0,0.0,0.79,0.81,0.81
847579984764808480113,2026,Iafallo-Namestnikov-Niederreiter,WPG,line,5on5,2,857.0,8.0,0.11,0.27,0.31,2.9,0.05,0.23,0.71,0.0,1.5,1.5,0.05,0.05,0.05,3.0,1.0,2.0,6.0,0.0,0.0,0.0,1.0,0.0,1.0,2.0,3.0,4.0,4.0,8.0,9.0,6.0,0.0,5.0,4.0,0.0,0.0,0.05,0.0,0.0,0.0,0.0,0.0,6.27,4.0,4.26,2.0,0.04,0.0,0.0,0.09,0.1,0.1,6.41,0.38,0.56,1.3,0.01,3.06,3.7,0.38,0.37,0.36,5.0,4.0,7.0,16.0,0.0,0.0,0.0,0.0,0.0,6.0,3.0,5.0,9.0,1.0,2.0,7.0,12.0,2.0,4.0,8.0,1.0,0.0,0.28,0.1,0.0,0.0,0.0,0.0,15.15,9.0,8.66,2.0,0.11,0.0,0.0,0.49,0.48,0.47
847842184834458484153,2026,Greer-Carlsson-Gauthier,ANA,line,5on5,2,1162.0,3.0,0.49,0.54,0.54,16.12,1.34,1.48,2.46,0.04,7.62,8.07,1.25,1.42,1.33,16.0,5.0,7.0,28.0,1.0,3.0,1.0,3.0,0.0,10.0,4.0,15.0,20.0,2.0,4.0,10.0,12.0,1.0,6.0,14.0,6.0,1.0,0.3,0.77,0.27,0.0,0.0,1.0,29.88,21.0,22.15,3.0,0.31,0.51,0.51,1.14,1.2,1.17,13.62,1.38,1.36,2.44,0.04,5.89,6.88,1.3,1.35,1.27,10.0,8.0,6.0,24.0,1.0,3.0,0.0,2.0,0.0,4.0,8.0,9.0,17.0,2.0,4.0,10.0,14.0,1.0,10.0,11.0,5.0,2.0,0.26,0.65,0.47,1.0,0.0,0.0,22.25,18.0,16.93,5.0,0.28,0.32,0.32,1.34,1.29,1.27
84751798478055,2026,Forsling-Kulikov,FLA,pairing,5on5,1,852.0,1.0,0.54,0.52,0.5,5.82,0.42,0.49,1.11,0.02,2.81,3.15,0.42,0.43,0.43,5.0,3.0,5.0,13.0,0.0,0.0,0.0,1.0,0.0,6.0,1.0,5.0,8.0,0.0,0.0,12.0,8.0,1.0,6.0,7.0,0.0,1.0,0.2,0.0,0.21,0.0,0.0,0.0,12.85,8.0,7.85,3.0,0.1,0.0,0.0,0.52,0.53,0.53,6.33,0.36,0.68,1.12,0.01,3.24,2.6,0.35,0.36,0.35,5.0,3.0,4.0,12.0,0.0,2.0,0.0,1.0,1.0,2.0,2.0,5.0,8.0,0.0,0.0,6.0,4.0,1.0,2.0,6.0,2.0,0.0,0.08,0.28,0.0,0.0,0.0,0.0,12.14,8.0,8.24,2.0,0.15,0.16,0.16,0.35,0.34,0.34
847569284815328482155,2026,Zuccarello-Turcotte-Laferriere,LAK,line,5on5,2,1265.0,4.0,0.51,0.55,0.48,7.87,0.57,0.88,1.5,0.02,3.85,4.19,0.57,0.58,0.58,6.0,5.0,5.0,16.0,1.0,0.0,0.0,1.0,0.0,4.0,5.0,5.0,10.0,2.0,4.0,11.0,12.0,0.0,3.0,8.0,3.0,0.0,0.21,0.36,0.0,1.0,0.0,0.0,15.54,11.0,10.77,0.0,0.19,0.0,0.0,0.76,0.77,0.76,7.87,0.55,0.8,1.77,0.02,4.1,4.75,0.55,0.55,0.55,6.0,6.0,1.0,13.0,0.0,0.0,0.0,2.0,0.0,2.0,8.0,6.0,12.0,2.0,4.0,6.0,13.0,2.0,4.0,10.0,2.0,0.0,0.3,0.25,0.0,0.0,0.0,0.0,13.37,12.0,12.05,3.0,0.16,0.0,0.0,0.72,0.71,0.71
847698184781338482737,2026,Bolduc-Evans-Anderson,MTL,line,5on5,2,875.0,7.0,0.8,0.7,0.68,10.92,1.19,1.16,1.75,0.03,5.75,5.12,1.18,1.26,1.25,11.0,4.0,4.0,19.0,1.0,0.0,0.0,2.0,0.0,6.0,6.0,10.0,14.0,1.0,2.0,10.0,13.0,2.0,3.0,9.0,6.0,0.0,0.29,0.9,0.0,0.0,1.0,0.0,19.4,15.0,15.36,0.0,0.24,0.0,0.0,1.43,1.51,1.5,5.56,0.29,0.68,0.86,0.01,2.56,2.6,0.29,0.28,0.27,5.0,2.0,1.0,8.0,0.0,1.0,0.0,2.0,0.0,2.0,2.0,5.0,7.0,1.0,2.0,5.0,5.0,0.0,5.0,6.0,1.0,0.0,0.2,0.09,0.0,0.0,0.0,0.0,7.75,7.0,6.82,3.0,0.15,0.07,0.07,0.37,0.35,0.35
84783968478468,2026,Hanifin-Lauzon,VGK,pairing,5on5,3,2563.0,6.0,0.67,0.63,0.62,26.5,2.2,2.88,5.02,0.07,13.34,12.5,2.13,2.2,2.13,25.0,11.0,18.0,54.0,1.0,3.0,0.0,6.0,0.0,20.0,6.0,24.0,35.0,2.0,4.0,24.0,24.0,2.0,11.0,27.0,8.0,1.0,0.82,1.13,0.25,0.0,1.0,0.0,53.72,36.0,35.84,4.0,0.61,0.43,0.43,2.38,2.36,2.33,16.14,1.11,1.33,3.23,0.03,8.08,8.22,1.1,1.17,1.16,13.0,9.0,10.0,32.0,1.0,1.0,0.0,2.0,0.0,8.0,10.0,12.0,21.0,5.0,10.0,19.0,21.0,1.0,16.0,18.0,3.0,1.0,0.37,0.29,0.44,1.0,0.0,0.0,32.33,22.0,22.07,9.0,0.27,0.44,0.44,0.94,0.95,0.95
84741518478416,2026,Mcdonagh-Cernak,TBL,pairing,5on5,2,1180.0,3.0,0.59,0.48,0.52,8.32,0.77,0.97,1.35,0.02,3.98,3.91,0.76,0.77,0.76,7.0,4.0,5.0,16.0,0.0,0.0,0.0,1.0,0.0,5.0,5.0,7.0,11.0,2.0,4.0,8.0,16.0,1.0,6.0,7.0,4.0,0.0,0.18,0.58,0.0,0.0,0.0,0.0,15.47,11.0,11.02,3.0,0.21,0.0,0.0,0.98,0.97,0.96,7.1,0.53,0.74,1.41,0.01,3.35,3.97,0.51,0.53,0.52,6.0,4.0,7.0,17.0,1.0,1.0,0.0,1.0,0.0,5.0,2.0,5.0,9.0,3.0,6.0,9.0,12.0,1.0,6.0,7.0,3.0,0.0,0.23,0.29,0.0,0.0,1.0,0.0,16.76,10.0,9.73,3.0,0.15,0.09,0.09,0.59,0.59,0.58
847579484784498480027,2026,Robertson-Hintz-Seguin,DAL,line,5on5,2,733.0,5.0,0.17,0.33,0.33,4.66,0.25,0.48,0.75,0.01,2.51,2.0,0.24,0.24,0.23,4.0,2.0,2.0,8.0,0.0,1.0,0.0,1.0,0.0,1.0,3.0,4.0,6.0,2.0,4.0,5.0,5.0,0.0,2.0,5.0,1.0,0.0,0.11,0.14,0.0,0.0,0.0,0.0,8.12,6.0,5.98,1.0,0.1,0.04,0.04,0.31,0.3,0.29,10.02,1.17,1.2,1.58,0.03,3.96,4.06,1.1,1.24,1.16,10.0,2.0,4.0,16.0,1.0,2.0,0.0,3.0,0.0,6.0,0.0,9.0,11.0,0.0,0.0,7.0,6.0,2.0,5.0,6.0,5.0,1.0,0.24,0.68,0.25,0.0,1.0,0.0,17.13,12.0,12.74,1.0,0.26,0.13,0.13,1.31,1.38,1.3
84768798479998,2026,Anderson-Ceci,LAK,pairing,5on5,2,1257.0,4.0,0.46,0.42,0.43,8.9,0.71,0.96,1.52,0.03,4.38,4.4,0.7,0.71,0.7,9.0,3.0,2.0,14.0,0.0,2.0,0.0,3.0,0.0,1.0,6.0,9.0,12.0,1.0,2.0,11.0,10.0,1.0,3.0,9.0,3.0,0.0,0.35,0.36,0.0,0.0,0.0,0.0,13.42,12.0,11.71,1.0,0.2,0.09,0.09,0.83,0.83,0.82,11.3,0.83,1.08,2.17,0.03,6.05,5.83,0.82,0.83,0.82,12.0,4.0,3.0,19.0,1.0,1.0,0.0,5.0,0.0,4.0,5.0,11.0,15.0,3.0,6.0,11.0,10.0,1.0,5.0,10.0,6.0,0.0,0.22,0.61,0.0,1.0,0.0,0.0,19.84,16.0,16.35,3.0,0.22,0.09,0.09,0.97,0.97,0.96
847745184785088481553,2026,Trenin-Hartman-Brink,MIN,line,5on5,2,955.0,4.0,0.29,0.43,0.38,7.13,0.26,0.65,1.24,0.02,3.42,3.41,0.26,0.26,0.26,7.0,2.0,6.0,15.0,0.0,0.0,0.0,3.0,0.0,5.0,1.0,7.0,9.0,0.0,0.0,10.0,5.0,0.0,6.0,8.0,1.0,0.0,0.12,0.14,0.0,0.0,0.0,0.0,15.66,9.0,9.39,2.0,0.14,0.0,0.0,0.4,0.4,0.4,11.14,0.64,1.08,2.18,0.02,5.26,5.83,0.63,0.65,0.64,8.0,7.0,5.0,20.0,1.0,1.0,0.0,3.0,0.0,5.0,5.0,7.0,14.0,1.0,2.0,10.0,5.0,1.0,2.0,12.0,2.0,1.0,0.2,0.2,0.23,0.0,1.0,0.0,19.43,15.0,14.72,1.0,0.22,0.01,0.01,0.84,0.86,0.85
847646084783988482149,2026,Connor-Scheifele-Perfetti,WPG,line,5on5,2,1357.0,2.0,0.46,0.49,0.54,20.03,1.55,2.28,3.7,0.05,9.26,10.15,1.52,1.6,1.56,19.0,8.0,2.0,29.0,0.0,4.0,0.0,6.0,0.0,12.0,5.0,19.0,27.0,2.0,7.0,11.0,4.0,4.0,6.0,21.0,6.0,0.0,0.8,0.75,0.0,0.0,0.0,0.0,30.6,27.0,28.3,3.0,0.48,0.2,0.2,1.84,1.89,1.85,17.29,1.82,1.7,3.1,0.04,8.01,8.34,1.68,1.74,1.62,10.0,13.0,7.0,30.0,2.0,1.0,1.0,3.0,0.0,9.0,8.0,8.0,21.0,2.0,7.0,11.0,9.0,3.0,5.0,16.0,6.0,1.0,0.39,0.77,0.66,1.0,0.0,1.0,29.41,23.0,22.62,2.0,0.34,0.66,0.66,1.5,1.47,1.42
847796084785508482124,2026,Panarin-Byfield-Kempe,LAK,line,5on5,2,1498.0,2.0,0.64,0.65,0.63,18.14,1.49,1.84,3.42,0.05,8.57,9.63,1.48,1.52,1.51,17.0,8.0,9.0,34.0,1.0,0.0,0.0,2.0,0.0,8.0,14.0,16.0,24.0,2.0,7.0,19.0,5.0,6.0,7.0,20.0,4.0,1.0,0.8,0.47,0.22,1.0,0.0,0.0,33.82,25.0,25.13,2.0,0.38,0.0,0.0,1.87,1.92,1.9,11.03,0.82,1.14,2.2,0.03,4.79,6.03,0.8,0.82,0.8,12.0,3.0,3.0,18.0,3.0,1.0,1.0,3.0,0.0,4.0,4.0,9.0,12.0,1.0,5.0,8.0,7.0,1.0,9.0,12.0,2.0,1.0,0.39,0.21,0.22,2.0,1.0,0.0,19.07,15.0,15.47,5.0,0.23,0.1,0.1,0.95,0.95,0.94
84745688483678,2026,Pettersson-Schenn,VAN,pairing,5on5,4,1591.0,17.0,0.51,0.54,0.52,8.38,0.6,0.83,1.77,0.02,4.15,4.63,0.6,0.58,0.58,8.0,4.0,9.0,21.0,1.0,0.0,0.0,0.0,0.0,4.0,7.0,7.0,11.0,8.0,19.0,11.0,16.0,0.0,12.0,10.0,2.0,0.0,0.33,0.26,0.0,0.0,1.0,0.0,21.46,12.0,12.0,6.0,0.17,0.0,0.0,0.76,0.75,0.75,8.29,0.57,0.67,1.12,0.02,3.82,4.8,0.56,0.57,0.57,9.0,2.0,7.0,18.0,0.0,1.0,0.0,1.0,0.0,6.0,3.0,9.0,11.0,2.0,7.0,15.0,20.0,3.0,11.0,8.0,3.0,0.0,0.2,0.37,0.0,0.0,0.0,0.0,18.46,11.0,11.19,4.0,0.14,0.02,0.02,0.69,0.69,0.69
847688184781098484803,2026,Olofsson-Hertl-Connelly,VGK,line,5on5,3,1310.0,11.0,0.67,0.65,0.64,18.17,1.83,2.42,3.05,0.05,8.34,7.31,1.77,1.85,1.78,18.0,5.0,9.0,32.0,1.0,5.0,1.0,4.0,0.0,7.0,6.0,17.0,22.0,2.0,4.0,12.0,6.0,0.0,6.0,13.0,9.0,1.0,0.42,1.21,0.21,0.0,0.0,1.0,33.16,23.0,23.49,2.0,0.52,0.68,0.68,1.67,1.67,1.64,9.77,0.88,1.03,1.83,0.02,4.28,4.95,0.87,0.93,0.92,8.0,5.0,4.0,17.0,0.0,2.0,0.0,2.0,0.0,4.0,5.0,8.0,13.0,1.0,2.0,11.0,3.0,3.0,9.0,11.0,1.0,1.0,0.35,0.09,0.44,0.0,0.0,0.0,16.85,13.0,12.95,6.0,0.21,0.46,0.46,0.64,0.63,0.63
84800498480145,2026,Samberg-Pionk,WPG,pairing,5on5,2,1580.0,2.0,0.36,0.36,0.38,10.83,0.58,0.99,2.02,0.02,4.92,6.47,0.57,0.57,0.56,8.0,7.0,4.0,19.0,0.0,1.0,0.0,4.0,0.0,3.0,7.0,8.0,15.0,2.0,4.0,11.0,12.0,2.0,8.0,14.0,1.0,0.0,0.42,0.15,0.0,0.0,0.0,0.0,19.0,15.0,15.23,4.0,0.2,0.02,0.02,0.76,0.75,0.74,18.05,1.0,1.83,3.24,0.04,8.95,8.93,0.93,0.97,0.89,17.0,7.0,10.0,34.0,0.0,3.0,0.0,1.0,0.0,11.0,9.0,17.0,24.0,2.0,4.0,19.0,10.0,2.0,11.0,19.0,5.0,0.0,0.46,0.55,0.0,0.0,0.0,0.0,32.52,24.0,22.97,3.0,0.39,0.05,0.05,1.33,1.29,1.2
847584284793598483468,2026,Malenstyn-Kulich-Carrick,BUF,line,5on5,2,691.0,8.0,0.35,0.54,0.55,4.28,0.2,0.34,0.76,0.01,2.29,2.4,0.2,0.19,0.19,4.0,2.0,1.0,7.0,0.0,0.0,0.0,3.0,0.0,2.0,1.0,4.0,6.0,0.0,0.0,10.0,13.0,0.0,6.0,6.0,0.0,0.0,0.2,0.0,0.0,0.0,0.0,0.0,6.81,6.0,5.83,4.0,0.07,0.0,0.0,0.27,0.26,0.26,3.43,0.37,0.37,0.57,0.01,1.79,1.89,0.37,0.39,0.39,3.0,2.0,1.0,6.0,2.0,0.0,0.0,0.0,0.0,2.0,1.0,1.0,3.0,0.0,0.0,9.0,9.0,1.0,1.0,3.0,2.0,0.0,0.16,0.21,0.0,1.0,1.0,0.0,6.46,5.0,5.27,1.0,0.08,0.0,0.0,0.45,0.47,0.47
847688084779498479400,2026,Tuch-Dubois-Wilson,WSH,line,5on5,2,868.0,5.0,0.56,0.46,0.43,6.49,0.81,0.61,1.31,0.01,2.73,3.52,0.77,0.9,0.85,4.0,5.0,3.0,12.0,1.0,2.0,1.0,2.0,0.0,2.0,2.0,3.0,8.0,3.0,6.0,9.0,9.0,1.0,3.0,7.0,1.0,1.0,0.19,0.08,0.54,0.0,0.0,1.0,12.04,9.0,9.05,2.0,0.12,0.56,0.56,0.38,0.39,0.39,9.58,0.65,1.06,1.86,0.02,4.31,4.09,0.65,0.63,0.63,5.0,7.0,2.0,14.0,0.0,1.0,0.0,3.0,0.0,6.0,2.0,5.0,12.0,1.0,2.0,14.0,19.0,1.0,5.0,8.0,4.0,0.0,0.13,0.52,0.0,0.0,0.0,0.0,13.24,12.0,11.7,2.0,0.23,0.01,0.01,0.87,0.84,0.83
847414184774798485391,2026,Bertuzzi-Frondell-Kane,CHI,line,5on5,2,626.0,7.0,0.16,0.26,0.24,3.89,0.22,0.34,0.49,0.01,2.07,1.87,0.22,0.23,0.23,3.0,2.0,2.0,7.0,1.0,0.0,0.0,0.0,0.0,2.0,2.0,2.0,4.0,1.0,2.0,2.0,2.0,1.0,1.0,4.0,1.0,0.0,0.14,0.09,0.0,1.0,0.0,0.0,6.88,5.0,5.02,1.0,0.07,0.0,0.0,0.29,0.3,0.3,11.64,1.15,1.29,2.12,0.03,5.7,5.71,1.12,1.15,1.13,9.0,7.0,4.0,20.0,2.0,1.0,1.0,3.0,0.0,3.0,7.0,7.0,14.0,0.0,0.0,8.0,8.0,1.0,3.0,11.0,4.0,1.0,0.39,0.54,0.22,0.0,2.0,0.0,20.87,16.0,16.41,1.0,0.26,0.09,0.09,1.33,1.32,1.29
84795768484873,2026,Hutson-Desharnais,WSH,pairing,5on5,2,1106.0,4.0,0.59,0.53,0.52,11.25,1.61,1.02,1.73,0.03,4.91,5.71,1.52,1.78,1.69,11.0,4.0,6.0,21.0,3.0,2.0,1.0,1.0,0.0,6.0,3.0,8.0,12.0,4.0,11.0,3.0,10.0,1.0,9.0,7.0,7.0,1.0,0.21,0.87,0.54,0.0,2.0,1.0,22.53,15.0,15.94,6.0,0.21,0.67,0.67,1.15,1.25,1.21,10.2,1.13,1.2,1.71,0.03,4.76,5.17,1.12,1.06,1.05,6.0,8.0,5.0,19.0,1.0,1.0,0.0,1.0,0.0,6.0,5.0,5.0,13.0,2.0,7.0,10.0,8.0,0.0,2.0,6.0,8.0,0.0,0.13,0.99,0.0,0.0,1.0,0.0,17.57,14.0,13.33,1.0,0.26,0.01,0.01,1.37,1.29,1.28
84745678482094,2026,Hunt-Bogosian,MIN,pairing,5on5,2,1102.0,6.0,0.38,0.4,0.39,4.92,0.32,0.49,0.95,0.01,2.38,2.85,0.32,0.34,0.34,6.0,1.0,3.0,10.0,0.0,0.0,0.0,2.0,0.0,1.0,4.0,6.0,7.0,0.0,0.0,9.0,11.0,1.0,7.0,6.0,1.0,0.0,0.18,0.13,0.0,0.0,0.0,0.0,10.6,7.0,7.52,3.0,0.1,0.0,0.0,0.41,0.44,0.44,7.68,0.51,0.78,1.52,0.02,3.98,4.2,0.51,0.54,0.54,7.0,4.0,4.0,15.0,1.0,0.0,0.0,3.0,0.0,3.0,4.0,6.0,10.0,1.0,2.0,9.0,5.0,1.0,6.0,9.0,2.0,0.0,0.24,0.26,0.0,0.0,1.0,0.0,15.15,11.0,11.11,1.0,0.16,0.0,0.0,0.67,0.7,0.7
84763318477504,2026,Morrissey-Demelo,WPG,pairing,5on5,2,1416.0,4.0,0.57,0.44,0.5,17.54,1.47,2.29,2.84,0.06,8.03,8.32,1.43,1.5,1.46,10.0,13.0,0.0,23.0,0.0,6.0,0.0,2.0,0.0,10.0,5.0,10.0,23.0,2.0,4.0,11.0,5.0,2.0,12.0,16.0,7.0,0.0,0.73,0.75,0.0,0.0,0.0,0.0,23.74,23.0,23.69,6.0,0.48,0.29,0.29,1.67,1.7,1.67,17.34,1.1,1.79,3.05,0.04,8.62,8.39,1.06,1.07,1.03,9.0,14.0,6.0,29.0,1.0,1.0,0.0,2.0,0.0,12.0,7.0,8.0,22.0,0.0,0.0,17.0,13.0,1.0,6.0,17.0,6.0,0.0,0.38,0.72,0.0,1.0,0.0,0.0,28.16,23.0,22.37,2.0,0.38,0.1,0.1,1.38,1.35,1.3
84789118479345,2026,Chychrun-Roy,WSH,pairing,5on5,2,1302.0,2.0,0.4,0.44,0.41,8.34,0.7,0.79,1.57,0.02,4.04,3.88,0.69,0.75,0.75,6.0,5.0,6.0,17.0,1.0,1.0,0.0,2.0,0.0,3.0,4.0,5.0,10.0,2.0,4.0,13.0,6.0,1.0,7.0,7.0,3.0,1.0,0.12,0.36,0.21,1.0,0.0,0.0,18.29,11.0,11.89,4.0,0.17,0.14,0.14,0.72,0.77,0.77,12.0,1.05,1.33,2.24,0.03,5.69,5.67,1.04,1.03,1.03,7.0,9.0,6.0,22.0,1.0,0.0,0.0,1.0,0.0,8.0,6.0,6.0,15.0,2.0,4.0,11.0,18.0,0.0,9.0,12.0,3.0,1.0,0.35,0.45,0.24,1.0,0.0,0.0,21.7,16.0,16.19,6.0,0.27,0.0,0.0,1.32,1.3,1.29
847645984821098484210,2026,Lafrenire-Zibanejad-Perreault,NYR,line,5on5,4,2762.0,5.0,0.6,0.47,0.52,19.99,2.33,2.16,3.3,0.06,9.88,9.28,2.25,2.38,2.29,18.0,9.0,8.0,35.0,2.0,2.0,1.0,3.0,1.0,17.0,2.0,16.0,25.0,1.0,5.0,25.0,17.0,2.0,20.0,14.0,12.0,1.0,0.5,1.6,0.23,0.0,2.0,0.0,36.34,27.0,27.78,10.0,0.45,0.22,0.22,2.56,2.62,2.56,16.74,1.57,1.93,2.75,0.05,8.91,9.78,1.55,1.55,1.53,17.0,8.0,15.0,40.0,0.0,2.0,0.0,3.0,0.0,12.0,8.0,17.0,25.0,5.0,13.0,18.0,29.0,3.0,9.0,18.0,7.0,0.0,0.74,0.82,0.0,0.0,0.0,0.0,38.4,25.0,24.04,5.0,0.4,0.07,0.07,1.9,1.87,1.84
847415084807978484180,2026,Farabee-Backlund-Honzek,CGY,line,5on5,2,992.0,5.0,0.59,0.5,0.5,9.04,0.9,0.92,1.49,0.02,4.39,4.27,0.9,0.86,0.86,9.0,3.0,5.0,17.0,0.0,0.0,0.0,5.0,0.0,2.0,5.0,9.0,12.0,0.0,0.0,16.0,7.0,2.0,5.0,7.0,5.0,0.0,0.21,0.69,0.0,0.0,0.0,0.0,16.49,12.0,11.79,2.0,0.2,0.0,0.0,1.1,1.05,1.05,9.49,0.64,1.01,1.57,0.03,4.52,4.22,0.62,0.67,0.65,8.0,4.0,5.0,17.0,1.0,2.0,0.0,2.0,0.0,2.0,5.0,7.0,11.0,0.0,0.0,9.0,10.0,0.0,4.0,9.0,3.0,0.0,0.29,0.35,0.0,0.0,1.0,0.0,19.01,12.0,12.93,3.0,0.22,0.15,0.15,0.71,0.76,0.76
84774888482684,2026,Hughes-Pesce,NJD,pairing,5on5,2,1647.0,4.0,0.77,0.82,0.78,21.28,1.77,2.18,4.15,0.06,9.7,11.13,1.64,1.69,1.57,20.0,9.0,11.0,40.0,1.0,1.0,0.0,4.0,0.0,14.0,9.0,19.0,28.0,2.0,4.0,13.0,7.0,3.0,11.0,21.0,7.0,1.0,0.66,0.78,0.33,0.0,1.0,0.0,37.3,29.0,27.61,6.0,0.45,0.09,0.09,2.13,2.03,1.9,5.55,0.54,0.58,0.77,0.02,3.15,2.94,0.54,0.57,0.57,6.0,2.0,1.0,9.0,0.0,0.0,0.0,1.0,0.0,2.0,5.0,6.0,8.0,1.0,2.0,15.0,22.0,5.0,15.0,4.0,4.0,0.0,0.06,0.48,0.0,0.0,0.0,0.0,9.85,8.0,8.6,8.0,0.12,0.0,0.0,0.66,0.7,0.7
848339584834768484136,2026,Bains-Sasson-Lekkerimaki,VAN,line,5on5,2,649.0,7.0,0.7,0.39,0.45,3.39,0.31,0.41,0.64,0.01,1.67,1.97,0.31,0.3,0.3,3.0,2.0,4.0,9.0,0.0,0.0,0.0,0.0,0.0,2.0,3.0,3.0,5.0,0.0,0.0,3.0,3.0,1.0,1.0,2.0,3.0,0.0,0.05,0.26,0.0,0.0,0.0,0.0,8.79,5.0,4.99,0.0,0.08,0.0,0.0,0.39,0.38,0.38,3.96,0.13,0.35,0.72,0.01,2.23,2.56,0.13,0.14,0.14,4.0,2.0,8.0,14.0,0.0,0.0,0.0,1.0,0.0,3.0,2.0,4.0,6.0,1.0,2.0,2.0,4.0,2.0,5.0,6.0,0.0,0.0,0.13,0.0,0.0,0.0,0.0,0.0,14.88,6.0,6.39,1.0,0.07,0.0,0.0,0.2,0.22,0.22
847750584849118486103,2026,Stenberg-Wennberg-Graf,SJS,line,5on5,2,1259.0,4.0,0.28,0.39,0.38,6.53,0.3,0.67,1.27,0.02,3.21,3.53,0.3,0.29,0.29,4.0,5.0,5.0,14.0,0.0,1.0,0.0,1.0,0.0,1.0,6.0,4.0,9.0,0.0,0.0,8.0,5.0,3.0,4.0,8.0,1.0,0.0,0.2,0.1,0.0,0.0,0.0,0.0,14.48,9.0,9.2,4.0,0.14,0.02,0.02,0.42,0.41,0.41,11.01,0.78,1.17,2.33,0.03,4.94,5.75,0.78,0.82,0.81,11.0,4.0,7.0,22.0,1.0,0.0,0.0,3.0,0.0,8.0,3.0,10.0,14.0,1.0,2.0,7.0,10.0,3.0,5.0,13.0,1.0,1.0,0.31,0.15,0.33,1.0,0.0,0.0,21.78,15.0,15.02,2.0,0.24,0.0,0.0,1.03,1.07,1.07
84807278482165,2026,Kuznetsov-Whitecloud,CGY,pairing,5on5,2,755.0,11.0,0.25,0.44,0.42,7.24,0.33,0.7,1.5,0.02,3.95,3.51,0.33,0.31,0.31,8.0,2.0,6.0,16.0,1.0,0.0,0.0,2.0,0.0,4.0,3.0,7.0,9.0,1.0,2.0,9.0,10.0,1.0,4.0,9.0,1.0,0.0,0.17,0.16,0.0,1.0,0.0,0.0,14.2,10.0,9.05,2.0,0.15,0.0,0.0,0.48,0.44,0.44,10.5,1.0,1.04,1.99,0.03,4.86,5.09,0.98,1.12,1.1,8.0,6.0,6.0,20.0,2.0,1.0,1.0,1.0,0.0,3.0,7.0,6.0,12.0,0.0,0.0,6.0,8.0,0.0,4.0,8.0,6.0,0.0,0.26,0.74,0.0,0.0,2.0,0.0,23.37,14.0,15.64,1.0,0.21,0.18,0.18,1.03,1.15,1.14
84793698484386,2026,Simashev-Peeke,UTA,pairing,5on5,3,1893.0,9.0,0.5,0.57,0.57,18.53,1.41,1.69,3.29,0.04,9.01,9.55,1.33,1.46,1.37,15.0,10.0,7.0,32.0,2.0,0.0,0.0,4.0,0.0,10.0,9.0,13.0,23.0,1.0,2.0,9.0,22.0,2.0,15.0,17.0,7.0,1.0,0.45,0.74,0.22,0.0,2.0,0.0,33.92,25.0,26.09,4.0,0.35,0.0,0.0,1.76,1.82,1.71,14.05,1.42,1.38,2.4,0.03,6.8,6.97,1.42,1.37,1.37,11.0,8.0,5.0,24.0,1.0,1.0,0.0,6.0,1.0,4.0,6.0,10.0,18.0,2.0,4.0,8.0,13.0,5.0,10.0,11.0,8.0,0.0,0.23,1.18,0.0,0.0,1.0,0.0,22.95,19.0,18.47,6.0,0.28,0.01,0.01,1.69,1.63,1.63
848266084827208484166,2026,Knies-Fantilli-Johnson,CBJ,line,5on5,2,1377.0,2.0,0.6,0.47,0.48,10.6,1.01,0.99,2.02,0.03,5.13,4.82,1.0,0.94,0.94,11.0,3.0,7.0,21.0,3.0,0.0,0.0,6.0,0.0,3.0,2.0,8.0,11.0,2.0,4.0,24.0,9.0,5.0,7.0,9.0,5.0,0.0,0.24,0.77,0.0,1.0,2.0,0.0,20.13,14.0,13.45,3.0,0.21,0.0,0.0,1.22,1.15,1.14,11.47,0.68,0.89,1.74,0.02,5.5,6.17,0.67,0.7,0.69,11.0,4.0,9.0,24.0,1.0,0.0,0.0,3.0,0.0,7.0,4.0,10.0,14.0,1.0,2.0,9.0,10.0,1.0,9.0,12.0,3.0,0.0,0.26,0.42,0.0,0.0,1.0,0.0,24.88,15.0,15.41,3.0,0.19,0.0,0.0,0.87,0.9,0.88
84768698480246,2026,Skjei-Perbix,NSH,pairing,5on5,2,1555.0,4.0,0.49,0.49,0.49,13.1,0.89,1.57,1.79,0.04,6.81,6.91,0.86,0.85,0.83,15.0,3.0,6.0,24.0,0.0,4.0,0.0,4.0,0.0,5.0,5.0,15.0,18.0,1.0,2.0,18.0,12.0,4.0,6.0,15.0,3.0,0.0,0.58,0.31,0.0,0.0,0.0,0.0,22.97,18.0,17.53,1.0,0.34,0.24,0.24,0.99,0.94,0.92,13.27,0.92,1.33,2.64,0.03,6.74,7.34,0.9,0.98,0.96,7.0,12.0,6.0,25.0,1.0,1.0,0.0,2.0,0.0,7.0,8.0,6.0,18.0,2.0,4.0,12.0,10.0,1.0,7.0,14.0,5.0,0.0,0.39,0.54,0.0,0.0,1.0,0.0,25.95,19.0,19.68,3.0,0.27,0.08,0.08,1.11,1.18,1.15
847644884784838479353,2026,Howden-Karlsson-Marner,VGK,line,5on5,3,1726.0,6.0,0.75,0.56,0.61,12.67,1.46,1.2,2.15,0.03,5.63,6.54,1.44,1.49,1.47,12.0,5.0,7.0,24.0,1.0,0.0,0.0,3.0,0.0,7.0,6.0,11.0,16.0,0.0,0.0,21.0,10.0,4.0,14.0,9.0,7.0,1.0,0.36,0.86,0.24,0.0,0.0,1.0,24.68,17.0,17.22,9.0,0.25,0.0,0.0,1.7,1.74,1.72,7.98,0.49,0.59,1.27,0.01,3.58,5.04,0.49,0.5,0.5,6.0,5.0,8.0,19.0,1.0,0.0,0.0,1.0,0.0,3.0,6.0,5.0,10.0,1.0,2.0,8.0,9.0,3.0,10.0,9.0,1.0,1.0,0.17,0.11,0.21,1.0,0.0,0.0,19.2,11.0,11.07,6.0,0.12,0.0,0.0,0.61,0.62,0.62
84769798482730,2026,Gustafsson-Clarke,LAK,pairing,5on5,1,675.0,1.0,0.78,0.83,0.8,11.29,0.6,1.11,2.33,0.03,5.83,6.1,0.58,0.62,0.6,13.0,3.0,4.0,20.0,1.0,0.0,0.0,2.0,0.0,9.0,4.0,12.0,15.0,0.0,0.0,10.0,3.0,2.0,1.0,14.0,2.0,0.0,0.42,0.18,0.0,1.0,0.0,0.0,20.14,16.0,16.19,0.0,0.23,0.0,0.0,0.83,0.86,0.83,2.98,0.16,0.23,0.49,0.01,1.2,1.91,0.16,0.16,0.16,3.0,1.0,0.0,4.0,0.0,0.0,0.0,1.0,0.0,1.0,2.0,3.0,4.0,0.0,0.0,2.0,3.0,1.0,3.0,3.0,1.0,0.0,0.06,0.1,0.0,0.0,0.0,0.0,3.98,4.0,3.96,2.0,0.04,0.0,0.0,0.21,0.2,0.2
847749384779338480801,2026,Tkachuk-Barkov-Reinhart,FLA,line,5on5,2,692.0,6.0,0.76,0.62,0.63,3.89,0.17,0.31,0.6,0.01,1.83,2.08,0.17,0.18,0.18,4.0,1.0,3.0,8.0,0.0,0.0,0.0,1.0,0.0,3.0,1.0,4.0,5.0,3.0,9.0,7.0,14.0,0.0,2.0,4.0,1.0,0.0,0.02,0.15,0.0,0.0,0.0,0.0,8.09,5.0,5.02,0.0,0.07,0.0,0.0,0.24,0.25,0.25,2.39,0.06,0.13,0.35,0.01,0.99,1.46,0.06,0.05,0.05,2.0,1.0,2.0,5.0,0.0,0.0,0.0,0.0,0.0,2.0,1.0,2.0,3.0,2.0,9.0,10.0,13.0,1.0,8.0,3.0,0.0,0.0,0.06,0.0,0.0,0.0,0.0,0.0,4.96,3.0,2.98,3.0,0.03,0.0,0.0,0.08,0.08,0.08
847840184799878479999,2026,Mittelstadt-Zacha-Geekie,BOS,line,5on5,3,1972.0,6.0,0.51,0.52,0.49,19.03,1.78,1.99,3.39,0.06,9.47,9.32,1.74,1.79,1.75,15.0,11.0,5.0,31.0,1.0,0.0,0.0,3.0,0.0,10.0,12.0,14.0,25.0,0.0,0.0,20.0,20.0,4.0,5.0,16.0,10.0,0.0,0.54,1.23,0.0,1.0,0.0,0.0,31.5,26.0,26.28,2.0,0.42,0.0,0.0,2.2,2.21,2.16,19.42,1.7,2.24,3.4,0.05,9.42,10.19,1.66,1.68,1.64,18.0,9.0,2.0,29.0,0.0,2.0,0.0,6.0,0.0,11.0,8.0,18.0,27.0,1.0,2.0,19.0,10.0,6.0,10.0,17.0,10.0,0.0,0.53,1.16,0.0,0.0,0.0,0.0,29.02,27.0,26.98,7.0,0.46,0.09,0.09,2.07,2.05,2.01
84768928481598,2026,Broberg-Parayko,STL,pairing,5on5,2,912.0,5.0,0.17,0.48,0.43,4.25,0.22,0.4,0.88,0.01,2.28,2.21,0.21,0.21,0.21,5.0,1.0,5.0,11.0,0.0,1.0,0.0,3.0,0.0,1.0,1.0,5.0,6.0,1.0,2.0,12.0,8.0,0.0,3.0,6.0,0.0,0.0,0.22,0.0,0.0,0.0,0.0,0.0,10.21,6.0,5.75,0.0,0.08,0.05,0.05,0.25,0.25,0.24,6.01,1.08,0.67,0.71,0.02,2.64,2.88,1.06,1.09,1.08,4.0,4.0,4.0,12.0,3.0,1.0,0.0,2.0,0.0,1.0,1.0,1.0,5.0,0.0,0.0,14.0,6.0,2.0,1.0,2.0,5.0,1.0,0.05,0.81,0.22,0.0,3.0,0.0,12.41,8.0,8.22,0.0,0.14,0.17,0.17,1.05,1.06,1.06
84752008484152,2026,Cagnoni-Orlov,SJS,pairing,5on5,2,1632.0,4.0,0.18,0.32,0.3,7.01,0.38,0.67,1.66,0.01,3.43,3.86,0.38,0.37,0.37,4.0,6.0,6.0,16.0,0.0,0.0,0.0,1.0,0.0,3.0,6.0,4.0,10.0,2.0,7.0,7.0,14.0,2.0,13.0,9.0,1.0,0.0,0.29,0.09,0.0,0.0,0.0,0.0,15.94,10.0,9.94,9.0,0.14,0.0,0.0,0.52,0.5,0.5,15.68,1.72,1.78,2.47,0.04,8.36,8.63,1.68,1.76,1.71,12.0,11.0,11.0,34.0,1.0,3.0,0.0,2.0,0.0,11.0,6.0,11.0,22.0,3.0,9.0,13.0,18.0,1.0,9.0,17.0,5.0,1.0,0.73,0.58,0.41,1.0,0.0,0.0,33.59,23.0,22.89,3.0,0.37,0.6,0.6,1.49,1.53,1.52
84808078480839,2026,Dahlin-Samuelsson,BUF,pairing,5on5,2,1822.0,2.0,0.62,0.69,0.63,18.25,1.45,1.72,3.0,0.05,8.58,9.2,1.44,1.4,1.39,13.0,11.0,10.0,34.0,1.0,2.0,0.0,3.0,0.0,8.0,10.0,12.0,23.0,1.0,2.0,27.0,18.0,1.0,8.0,17.0,6.0,1.0,0.49,0.72,0.24,0.0,1.0,0.0,32.17,24.0,22.8,2.0,0.36,0.02,0.02,1.78,1.72,1.71,9.76,0.91,0.96,1.79,0.03,5.24,5.07,0.9,0.91,0.9,5.0,9.0,1.0,15.0,1.0,0.0,0.0,2.0,0.0,8.0,3.0,4.0,13.0,0.0,0.0,16.0,8.0,2.0,8.0,10.0,4.0,0.0,0.39,0.52,0.0,1.0,0.0,0.0,15.26,14.0,14.15,4.0,0.2,0.0,0.0,1.11,1.11,1.1
84788828479323,2026,Gavrikov-Fox,NYR,pairing,5on5,4,2860.0,8.0,0.54,0.49,0.52,25.08,2.43,2.55,4.32,0.08,12.57,12.06,2.36,2.51,2.43,26.0,8.0,10.0,44.0,2.0,1.0,0.0,9.0,0.0,14.0,8.0,24.0,32.0,6.0,15.0,32.0,17.0,2.0,14.0,24.0,10.0,0.0,1.0,1.43,0.0,1.0,1.0,0.0,46.44,34.0,35.4,10.0,0.53,0.04,0.04,2.93,3.02,2.93,21.74,2.04,2.31,3.7,0.06,11.29,11.6,1.98,1.99,1.94,20.0,11.0,14.0,45.0,2.0,3.0,1.0,3.0,0.0,14.0,9.0,18.0,29.0,3.0,9.0,26.0,30.0,2.0,7.0,22.0,8.0,1.0,0.84,0.98,0.21,1.0,1.0,0.0,43.24,31.0,29.81,3.0,0.48,0.06,0.06,2.46,2.4,2.33
84779868482858,2026,Evans-Montour,SEA,pairing,5on5,3,3146.0,4.0,0.57,0.54,0.56,31.4,2.9,3.26,5.25,0.07,14.51,16.02,2.84,3.09,3.03,28.0,14.0,10.0,52.0,4.0,4.0,0.0,8.0,0.0,17.0,9.0,24.0,38.0,0.0,0.0,20.0,18.0,7.0,18.0,28.0,12.0,2.0,0.8,1.52,0.58,2.0,1.0,1.0,58.37,42.0,45.17,5.0,0.69,0.07,0.07,3.52,3.76,3.68,24.05,2.16,2.25,4.31,0.06,11.57,12.65,1.99,2.08,1.92,19.0,14.0,11.0,44.0,2.0,2.0,0.0,5.0,0.0,10.0,14.0,17.0,31.0,4.0,8.0,23.0,29.0,4.0,19.0,27.0,4.0,2.0,0.78,0.63,0.75,1.0,1.0,0.0,40.62,33.0,31.47,9.0,0.46,0.55,0.55,2.08,1.99,1.97
84815428481607,2026,Johansson-Seider,DET,pairing,5on5,2,1315.0,3.0,0.48,0.5,0.59,11.77,0.53,1.05,2.29,0.02,5.99,6.11,0.53,0.49,0.48,9.0,7.0,2.0,18.0,0.0,1.0,0.0,3.0,0.0,8.0,4.0,9.0,16.0,1.0,2.0,13.0,8.0,1.0,3.0,14.0,2.0,0.0,0.35,0.19,0.0,0.0,0.0,0.0,16.32,16.0,14.58,2.0,0.22,0.01,0.01,0.74,0.68,0.68,7.91,0.58,0.75,1.56,0.02,4.1,4.0,0.57,0.64,0.63,9.0,2.0,7.0,18.0,0.0,0.0,0.0,2.0,0.0,6.0,3.0,9.0,11.0,2.0,4.0,12.0,4.0,1.0,6.0,8.0,3.0,0.0,0.27,0.31,0.0,0.0,0.0,0.0,20.3,11.0,12.32,4.0,0.15,0.0,0.0,0.73,0.81,0.79
847883184796198484388,2026,But-Stenlund-Carcone,UTA,line,5on5,3,1424.0,11.0,0.5,0.6,0.64,15.55,1.09,1.29,2.94,0.04,7.27,8.37,1.02,1.13,1.05,11.0,10.0,9.0,30.0,1.0,2.0,0.0,1.0,0.0,10.0,7.0,10.0,20.0,1.0,2.0,13.0,23.0,3.0,6.0,17.0,3.0,1.0,0.55,0.33,0.22,1.0,0.0,0.0,32.34,21.0,22.28,2.0,0.26,0.07,0.07,1.28,1.33,1.26,8.71,1.08,0.8,1.45,0.02,4.48,4.17,1.07,1.04,1.04,7.0,5.0,8.0,20.0,0.0,0.0,0.0,2.0,1.0,5.0,4.0,7.0,12.0,1.0,2.0,10.0,10.0,1.0,6.0,6.0,6.0,0.0,0.17,0.91,0.0,0.0,0.0,0.0,19.33,12.0,11.85,4.0,0.16,0.0,0.0,1.24,1.2,1.2
84757648484790,2026,Fowler-Jiricek,STL,pairing,5on5,2,772.0,11.0,0.24,0.32,0.25,2.93,0.16,0.23,0.58,0.01,1.38,1.64,0.16,0.16,0.16,2.0,2.0,6.0,10.0,0.0,0.0,0.0,0.0,0.0,3.0,1.0,2.0,4.0,1.0,2.0,4.0,8.0,1.0,3.0,4.0,0.0,0.0,0.16,0.0,0.0,0.0,0.0,0.0,9.98,4.0,3.89,2.0,0.05,0.0,0.0,0.21,0.21,0.21,8.58,0.5,0.84,1.69,0.02,4.38,4.57,0.5,0.51,0.51,7.0,5.0,9.0,21.0,0.0,2.0,0.0,1.0,0.0,5.0,4.0,7.0,12.0,1.0,2.0,9.0,3.0,0.0,5.0,10.0,2.0,0.0,0.26,0.24,0.0,0.0,0.0,0.0,22.32,12.0,12.58,3.0,0.17,0.14,0.14,0.53,0.54,0.54
847643284784638482088,2026,Sourdif-Jenner-Beauvillier,WSH,line,5on5,2,976.0,4.0,0.45,0.45,0.47,6.91,0.47,0.73,0.89,0.01,3.32,3.57,0.47,0.52,0.52,8.0,1.0,4.0,13.0,1.0,1.0,0.0,0.0,0.0,5.0,2.0,7.0,8.0,3.0,9.0,10.0,6.0,0.0,8.0,6.0,3.0,0.0,0.17,0.3,0.0,1.0,0.0,0.0,14.42,9.0,9.67,3.0,0.16,0.01,0.01,0.63,0.68,0.68,7.2,0.57,0.64,1.4,0.01,3.18,4.19,0.57,0.54,0.54,7.0,3.0,6.0,16.0,1.0,0.0,0.0,1.0,0.0,6.0,2.0,6.0,9.0,3.0,9.0,4.0,14.0,1.0,10.0,7.0,3.0,0.0,0.15,0.42,0.0,1.0,0.0,0.0,15.09,10.0,9.59,5.0,0.13,0.0,0.0,0.7,0.67,0.67
847517284757548476455,2026,Landeskog-Nelson-Kadri,COL,line,5on5,2,906.0,4.0,0.28,0.29,0.33,3.91,0.18,0.46,0.65,0.01,1.8,1.9,0.18,0.19,0.19,4.0,1.0,2.0,7.0,0.0,1.0,0.0,0.0,0.0,1.0,3.0,4.0,5.0,1.0,2.0,6.0,5.0,1.0,3.0,5.0,0.0,0.0,0.18,0.0,0.0,0.0,0.0,0.0,7.5,5.0,5.22,3.0,0.09,0.01,0.01,0.26,0.27,0.27,7.45,0.48,0.76,1.25,0.02,3.54,3.95,0.48,0.48,0.48,6.0,4.0,7.0,17.0,0.0,1.0,0.0,1.0,0.0,2.0,6.0,6.0,10.0,0.0,0.0,12.0,7.0,3.0,3.0,8.0,2.0,0.0,0.25,0.23,0.0,0.0,0.0,0.0,16.49,10.0,9.66,1.0,0.16,0.02,0.02,0.62,0.61,0.61
847646884816048481789,2026,Kartye-Miller-Dorofeyev,NYR,line,5on5,2,858.0,7.0,0.82,0.71,0.68,9.3,1.02,1.2,1.57,0.02,4.65,4.55,0.98,1.01,0.98,10.0,3.0,7.0,20.0,2.0,0.0,0.0,3.0,0.0,5.0,3.0,8.0,11.0,2.0,4.0,6.0,4.0,1.0,2.0,7.0,6.0,0.0,0.22,0.79,0.0,1.0,1.0,0.0,20.03,13.0,13.17,1.0,0.25,0.0,0.0,1.27,1.26,1.22,4.26,0.22,0.4,0.8,0.01,2.37,2.2,0.22,0.22,0.22,3.0,3.0,2.0,8.0,1.0,1.0,0.0,0.0,0.0,2.0,2.0,2.0,5.0,2.0,4.0,9.0,5.0,0.0,4.0,5.0,1.0,0.0,0.14,0.08,0.0,0.0,1.0,0.0,7.74,6.0,5.76,3.0,0.08,0.01,0.01,0.3,0.3,0.3
847847484808498480855,2026,Crouse-Hayton-Mcbain,UTA,line,5on5,3,1565.0,8.0,0.73,0.73,0.71,18.13,1.82,1.83,3.33,0.06,8.52,8.44,1.75,1.85,1.78,16.0,8.0,12.0,36.0,0.0,2.0,0.0,4.0,0.0,11.0,7.0,16.0,24.0,3.0,9.0,14.0,22.0,6.0,9.0,17.0,5.0,2.0,0.46,0.8,0.56,0.0,0.0,0.0,37.55,24.0,24.59,2.0,0.38,0.34,0.34,1.87,1.89,1.87,8.19,0.68,0.82,1.18,0.02,3.67,3.63,0.64,0.64,0.6,5.0,5.0,3.0,13.0,0.0,1.0,0.0,0.0,0.0,4.0,5.0,5.0,10.0,2.0,7.0,11.0,7.0,2.0,4.0,6.0,3.0,1.0,0.1,0.37,0.22,0.0,0.0,0.0,12.13,10.0,9.38,3.0,0.18,0.02,0.02,0.84,0.78,0.74
847934684804598482784,2026,Dube-Suter-Dean,STL,line,5on5,1,626.0,1.0,0.11,0.38,0.2,1.49,0.1,0.13,0.32,0.01,0.73,0.71,0.1,0.1,0.1,1.0,1.0,4.0,6.0,0.0,0.0,0.0,0.0,0.0,2.0,0.0,1.0,2.0,3.0,6.0,5.0,3.0,0.0,1.0,2.0,0.0,0.0,0.1,0.0,0.0,0.0,0.0,0.0,5.73,2.0,1.99,0.0,0.03,0.0,0.0,0.13,0.13,0.13,5.81,0.78,0.63,0.8,0.01,2.73,3.05,0.77,0.8,0.79,4.0,4.0,2.0,10.0,1.0,1.0,0.0,2.0,0.0,3.0,1.0,3.0,7.0,1.0,2.0,8.0,3.0,2.0,4.0,3.0,5.0,0.0,0.11,0.67,0.0,0.0,1.0,0.0,10.78,8.0,8.38,2.0,0.13,0.17,0.17,0.74,0.76,0.76
848081384817898482877,2026,Kartye-Veleno-Chmelar,NYR,line,5on5,2,632.0,7.0,0.51,0.31,0.3,2.29,0.29,0.2,0.39,0.01,1.15,0.97,0.29,0.3,0.3,3.0,0.0,1.0,4.0,0.0,0.0,0.0,2.0,0.0,0.0,1.0,3.0,3.0,3.0,9.0,7.0,16.0,0.0,1.0,1.0,2.0,0.0,0.01,0.29,0.0,0.0,0.0,0.0,4.5,3.0,3.2,1.0,0.04,0.0,0.0,0.33,0.35,0.35,6.18,0.28,1.25,1.0,0.01,2.46,1.99,0.26,0.27,0.25,7.0,0.0,2.0,9.0,0.0,4.0,0.0,1.0,0.0,1.0,1.0,7.0,7.0,5.0,13.0,5.0,12.0,0.0,1.0,6.0,1.0,0.0,0.2,0.08,0.0,0.0,0.0,0.0,8.14,7.0,6.61,1.0,0.28,0.19,0.19,0.37,0.35,0.32
847842784807628480830,2026,Robinson-Aho-Svechnikov,CAR,line,5on5,3,684.0,25.0,0.39,0.68,0.64,6.45,0.4,0.63,1.16,0.02,3.26,3.54,0.4,0.38,0.37,7.0,2.0,4.0,13.0,0.0,1.0,0.0,1.0,0.0,3.0,4.0,7.0,9.0,3.0,6.0,10.0,11.0,0.0,1.0,8.0,1.0,0.0,0.26,0.14,0.0,0.0,0.0,0.0,12.17,9.0,8.45,0.0,0.13,0.04,0.04,0.5,0.46,0.46,4.19,0.64,0.35,0.38,0.01,1.58,2.05,0.64,0.68,0.68,3.0,2.0,1.0,6.0,0.0,0.0,0.0,1.0,0.0,0.0,4.0,3.0,5.0,1.0,2.0,7.0,9.0,0.0,2.0,1.0,4.0,0.0,0.01,0.63,0.0,0.0,0.0,0.0,6.44,5.0,5.27,0.0,0.07,0.0,0.0,0.71,0.76,0.76
84808788481581,2026,Harley-Lundkvist,DAL,pairing,5on5,2,1029.0,5.0,0.5,0.57,0.56,10.38,0.77,1.11,2.28,0.03,5.43,5.37,0.75,0.78,0.76,9.0,6.0,5.0,20.0,0.0,0.0,0.0,5.0,0.0,5.0,5.0,9.0,15.0,0.0,0.0,11.0,4.0,2.0,5.0,11.0,4.0,0.0,0.3,0.46,0.0,0.0,0.0,0.0,19.75,15.0,14.72,3.0,0.23,0.0,0.0,1.0,1.01,0.99,9.17,0.78,1.02,1.6,0.03,4.51,4.06,0.76,0.79,0.78,8.0,4.0,3.0,15.0,1.0,1.0,0.0,3.0,0.0,4.0,3.0,7.0,11.0,0.0,0.0,7.0,4.0,2.0,4.0,8.0,4.0,0.0,0.26,0.52,0.0,0.0,1.0,0.0,15.42,12.0,12.41,2.0,0.21,0.05,0.05,0.94,0.95,0.93
84788518483457,2026,Hutson-Carrier,MTL,pairing,5on5,2,1215.0,3.0,0.39,0.54,0.54,9.5,0.47,0.79,1.95,0.02,4.45,5.32,0.47,0.5,0.5,9.0,4.0,6.0,19.0,1.0,0.0,0.0,2.0,0.0,2.0,8.0,8.0,12.0,1.0,2.0,13.0,9.0,3.0,7.0,10.0,3.0,0.0,0.17,0.3,0.0,1.0,0.0,0.0,20.53,13.0,13.98,3.0,0.16,0.0,0.0,0.63,0.67,0.67,8.31,0.74,1.11,1.32,0.02,3.68,4.13,0.73,0.7,0.7,9.0,2.0,5.0,16.0,1.0,1.0,0.0,3.0,0.0,2.0,4.0,8.0,10.0,0.0,0.0,8.0,3.0,1.0,8.0,8.0,3.0,0.0,0.3,0.43,0.0,0.0,1.0,0.0,15.13,11.0,10.57,1.0,0.24,0.07,0.07,0.91,0.86,0.85
84826718482803,2026,Power-Zellweger,BUF,pairing,5on5,1,761.0,2.0,0.82,0.68,0.7,10.48,1.42,0.97,1.61,0.04,4.91,5.05,1.34,1.31,1.24,6.0,8.0,3.0,17.0,0.0,1.0,0.0,3.0,0.0,3.0,7.0,6.0,14.0,1.0,2.0,3.0,3.0,0.0,5.0,8.0,4.0,2.0,0.36,0.51,0.54,0.0,0.0,0.0,16.09,14.0,13.21,2.0,0.2,0.32,0.32,1.3,1.22,1.19,4.02,0.3,0.47,0.75,0.01,2.11,2.36,0.3,0.33,0.33,4.0,2.0,2.0,8.0,1.0,0.0,0.0,2.0,0.0,1.0,2.0,3.0,5.0,1.0,2.0,13.0,1.0,1.0,4.0,5.0,1.0,0.0,0.21,0.09,0.0,1.0,0.0,0.0,8.59,6.0,6.44,2.0,0.09,0.0,0.0,0.39,0.42,0.42
84764578478407,2026,Dunn-Larsson,SEA,pairing,5on5,3,2890.0,5.0,0.44,0.34,0.39,21.34,1.8,2.18,3.37,0.06,10.9,10.75,1.78,1.95,1.92,19.0,11.0,7.0,37.0,3.0,2.0,0.0,4.0,0.0,4.0,17.0,16.0,27.0,2.0,4.0,29.0,23.0,2.0,11.0,22.0,8.0,0.0,0.71,1.09,0.0,1.0,2.0,0.0,41.09,30.0,32.15,9.0,0.45,0.17,0.17,2.01,2.19,2.16,34.37,2.31,3.8,6.47,0.09,17.18,17.15,2.26,2.2,2.15,26.0,21.0,25.0,72.0,0.0,4.0,0.0,2.0,1.0,23.0,17.0,26.0,47.0,3.0,6.0,32.0,19.0,3.0,12.0,37.0,10.0,0.0,1.03,1.28,0.0,0.0,0.0,0.0,65.81,47.0,44.38,3.0,0.79,0.18,0.18,2.92,2.78,2.73
84752188476473,2026,Ekholm-Murphy,EDM,pairing,5on5,3,705.0,12.0,0.26,0.23,0.31,3.84,0.37,0.46,0.52,0.01,1.63,2.01,0.37,0.42,0.42,0.0,5.0,0.0,5.0,0.0,1.0,0.0,0.0,0.0,1.0,3.0,0.0,5.0,0.0,0.0,3.0,8.0,0.0,4.0,3.0,1.0,1.0,0.05,0.08,0.23,0.0,0.0,0.0,5.47,5.0,5.32,2.0,0.1,0.02,0.02,0.44,0.5,0.5,7.59,1.04,0.93,1.17,0.02,3.58,4.26,0.96,0.98,0.91,4.0,7.0,6.0,17.0,1.0,1.0,0.0,0.0,0.0,4.0,5.0,3.0,10.0,0.0,0.0,2.0,4.0,0.0,4.0,5.0,5.0,1.0,0.17,0.67,0.2,0.0,1.0,0.0,16.33,11.0,10.39,1.0,0.2,0.16,0.16,1.08,1.0,0.93
847167584764838481582,2026,Robertson-Crosby-Rakell,PIT,line,5on5,2,1268.0,2.0,0.65,0.59,0.65,19.87,1.56,2.26,3.21,0.05,9.92,9.0,1.4,1.65,1.49,18.0,8.0,3.0,29.0,3.0,5.0,0.0,3.0,0.0,11.0,4.0,15.0,23.0,4.0,8.0,13.0,8.0,2.0,8.0,19.0,6.0,1.0,0.64,0.7,0.22,2.0,0.0,1.0,31.42,26.0,27.92,3.0,0.47,0.23,0.23,1.8,1.92,1.75,10.42,0.84,1.16,1.62,0.02,4.82,5.53,0.83,0.81,0.81,8.0,6.0,6.0,20.0,0.0,1.0,0.0,0.0,0.0,8.0,5.0,8.0,14.0,3.0,6.0,15.0,13.0,3.0,4.0,9.0,4.0,1.0,0.23,0.4,0.21,0.0,0.0,0.0,19.15,14.0,13.43,2.0,0.25,0.12,0.12,0.97,0.93,0.93
847662484807488482859,2026,Sherwood-Ostapchuk-Goodrow,SJS,line,5on5,2,876.0,8.0,0.36,0.39,0.38,5.83,0.42,0.57,1.36,0.02,2.79,2.85,0.41,0.41,0.4,6.0,2.0,3.0,11.0,1.0,1.0,0.0,4.0,0.0,1.0,1.0,5.0,7.0,0.0,0.0,4.0,15.0,2.0,7.0,5.0,3.0,0.0,0.11,0.31,0.0,1.0,0.0,0.0,10.94,8.0,8.05,5.0,0.12,0.14,0.14,0.39,0.38,0.38,9.96,0.75,1.06,1.56,0.03,4.63,4.96,0.74,0.77,0.76,7.0,6.0,4.0,17.0,0.0,1.0,0.0,1.0,0.0,6.0,5.0,7.0,13.0,1.0,2.0,9.0,6.0,0.0,4.0,10.0,3.0,0.0,0.35,0.4,0.0,0.0,0.0,0.0,16.97,13.0,12.92,2.0,0.22,0.04,0.04,0.94,0.96,0.95
84783978478450,2026,Wotherspoon-Andersson,VGK,pairing,5on5,3,2508.0,7.0,0.6,0.6,0.58,23.74,2.17,2.66,4.15,0.06,10.48,11.48,2.15,2.17,2.15,25.0,6.0,11.0,42.0,0.0,3.0,0.0,10.0,0.0,8.0,10.0,25.0,31.0,4.0,8.0,23.0,14.0,2.0,13.0,19.0,11.0,1.0,0.55,1.41,0.22,0.0,0.0,0.0,41.64,31.0,30.46,8.0,0.55,0.3,0.3,2.42,2.39,2.38,16.28,1.46,2.12,2.48,0.04,8.01,7.89,1.37,1.51,1.41,15.0,7.0,6.0,28.0,4.0,3.0,0.0,1.0,0.0,9.0,5.0,11.0,18.0,1.0,2.0,18.0,14.0,2.0,12.0,14.0,7.0,1.0,0.58,0.65,0.23,2.0,2.0,0.0,29.12,22.0,22.58,6.0,0.45,0.36,0.36,1.56,1.62,1.52
847647984800748481523,2026,Texier-Danault-Dach,MTL,line,5on5,2,939.0,7.0,0.17,0.46,0.41,5.32,0.16,0.43,0.83,0.01,2.71,2.86,0.16,0.17,0.17,3.0,4.0,5.0,12.0,1.0,0.0,0.0,0.0,0.0,2.0,4.0,2.0,6.0,1.0,2.0,10.0,9.0,0.0,7.0,6.0,1.0,0.0,0.08,0.08,0.0,1.0,0.0,0.0,12.38,7.0,7.37,3.0,0.09,0.0,0.0,0.25,0.26,0.26,7.13,0.82,0.86,1.33,0.02,3.29,3.68,0.81,0.79,0.78,7.0,3.0,4.0,14.0,2.0,0.0,0.0,0.0,0.0,4.0,4.0,5.0,8.0,2.0,4.0,7.0,7.0,0.0,4.0,6.0,4.0,0.0,0.17,0.65,0.0,0.0,2.0,0.0,13.71,10.0,9.78,0.0,0.18,0.0,0.0,0.99,0.96,0.95
848000984821578483690,2026,Cuylle-Laba-Tolvanen,NYR,line,5on5,4,1979.0,13.0,0.38,0.39,0.4,15.52,1.35,1.63,2.72,0.04,7.14,7.13,1.33,1.39,1.38,13.0,7.0,7.0,27.0,1.0,1.0,0.0,4.0,0.0,8.0,6.0,12.0,19.0,6.0,12.0,13.0,23.0,2.0,13.0,14.0,4.0,2.0,0.39,0.54,0.42,1.0,0.0,0.0,28.65,20.0,20.84,6.0,0.34,0.05,0.05,1.64,1.7,1.69,22.81,2.21,2.63,3.61,0.06,11.0,10.48,2.15,2.17,2.11,17.0,13.0,12.0,42.0,1.0,4.0,0.0,3.0,0.0,12.0,10.0,16.0,29.0,1.0,2.0,18.0,25.0,5.0,11.0,18.0,10.0,2.0,0.63,1.13,0.45,0.0,1.0,0.0,41.08,30.0,29.16,5.0,0.56,0.07,0.07,2.7,2.66,2.57
847688284774798485391,2026,Bertuzzi-Frondell-Teravainen,CHI,line,5on5,2,885.0,9.0,0.27,0.47,0.47,5.22,0.31,0.5,0.93,0.01,2.52,2.73,0.31,0.33,0.33,5.0,2.0,2.0,9.0,1.0,0.0,0.0,0.0,0.0,4.0,2.0,4.0,6.0,0.0,0.0,6.0,4.0,2.0,6.0,5.0,2.0,0.0,0.1,0.21,0.0,1.0,0.0,0.0,9.15,7.0,7.24,1.0,0.1,0.0,0.0,0.41,0.43,0.43,6.36,0.85,0.54,0.83,0.01,2.47,3.31,0.78,0.78,0.72,3.0,5.0,2.0,10.0,0.0,1.0,0.0,0.0,0.0,2.0,5.0,3.0,8.0,1.0,2.0,10.0,9.0,0.0,5.0,5.0,1.0,2.0,0.14,0.17,0.54,0.0,0.0,0.0,9.79,8.0,7.71,3.0,0.11,0.32,0.32,0.64,0.6,0.58
847516684779398486067,2026,Mckenna-Tavares-Nylander,TOR,line,5on5,3,1411.0,7.0,0.23,0.34,0.33,9.63,0.62,1.04,1.75,0.02,4.81,4.76,0.6,0.59,0.58,10.0,3.0,5.0,18.0,0.0,0.0,0.0,4.0,0.0,5.0,4.0,10.0,13.0,2.0,4.0,9.0,2.0,1.0,10.0,10.0,3.0,0.0,0.31,0.31,0.0,0.0,0.0,0.0,17.83,13.0,12.81,6.0,0.23,0.0,0.0,0.84,0.81,0.79,19.52,2.11,2.03,3.31,0.05,9.06,9.44,2.07,2.18,2.14,19.0,7.0,9.0,35.0,3.0,1.0,0.0,2.0,0.0,9.0,11.0,16.0,23.0,0.0,0.0,8.0,8.0,2.0,5.0,14.0,11.0,1.0,0.32,1.44,0.35,1.0,1.0,1.0,35.0,26.0,26.22,2.0,0.42,0.09,0.09,2.43,2.52,2.49
84799808482482,2026,Hague-Wilsby,NSH,pairing,5on5,2,881.0,5.0,0.36,0.55,0.61,7.72,0.3,0.64,1.42,0.01,3.65,4.98,0.3,0.28,0.28,3.0,8.0,1.0,12.0,0.0,1.0,0.0,2.0,0.0,4.0,4.0,3.0,11.0,1.0,2.0,4.0,5.0,0.0,4.0,10.0,1.0,0.0,0.22,0.09,0.0,0.0,0.0,0.0,11.17,11.0,10.36,1.0,0.13,0.01,0.01,0.42,0.39,0.39,5.24,0.53,0.49,0.86,0.02,2.47,2.62,0.53,0.59,0.59,2.0,5.0,3.0,10.0,0.0,0.0,0.0,1.0,0.0,4.0,2.0,2.0,7.0,0.0,0.0,6.0,11.0,1.0,8.0,5.0,1.0,1.0,0.16,0.1,0.27,0.0,0.0,0.0,11.34,7.0,7.88,3.0,0.1,0.0,0.0,0.64,0.71,0.71
84812198482511,2026,Lohrei-Aspirot,BOS,pairing,5on5,3,2736.0,7.0,0.52,0.47,0.49,20.62,1.81,2.04,3.91,0.06,9.78,10.41,1.8,1.81,1.81,16.0,12.0,11.0,39.0,1.0,0.0,0.0,4.0,0.0,12.0,11.0,15.0,27.0,5.0,13.0,14.0,7.0,0.0,11.0,20.0,8.0,0.0,0.67,1.14,0.0,0.0,1.0,0.0,39.14,28.0,28.17,6.0,0.42,0.0,0.0,2.23,2.24,2.22,21.33,1.68,2.22,3.25,0.06,9.98,11.8,1.65,1.7,1.67,21.0,8.0,15.0,44.0,0.0,3.0,0.0,9.0,0.0,4.0,13.0,21.0,29.0,5.0,13.0,20.0,20.0,2.0,14.0,22.0,6.0,1.0,0.71,0.77,0.21,0.0,0.0,0.0,44.18,29.0,29.31,4.0,0.47,0.1,0.1,2.05,2.07,2.03
848080284815228484797,2026,Krebs-Mcleod-Helenius,BUF,line,5on5,2,983.0,6.0,0.66,0.45,0.42,6.38,1.17,0.61,0.74,0.02,2.82,2.64,1.09,1.08,1.01,4.0,4.0,2.0,10.0,0.0,1.0,0.0,2.0,0.0,4.0,1.0,4.0,8.0,1.0,2.0,9.0,7.0,0.0,7.0,2.0,4.0,2.0,0.11,0.51,0.54,0.0,0.0,0.0,9.41,8.0,7.47,4.0,0.13,0.32,0.32,0.98,0.91,0.89,8.52,0.59,0.87,1.72,0.02,3.77,4.02,0.59,0.61,0.61,8.0,3.0,1.0,12.0,2.0,0.0,0.0,4.0,0.0,3.0,2.0,6.0,9.0,2.0,4.0,10.0,11.0,1.0,3.0,9.0,2.0,0.0,0.31,0.28,0.0,1.0,1.0,0.0,12.36,11.0,11.35,1.0,0.18,0.0,0.0,0.77,0.8,0.8
848153884824088485512,2026,Malott-Washe-Caulfield,ANA,line,5on5,2,916.0,7.0,0.27,0.35,0.28,3.63,0.2,0.31,0.67,0.01,2.02,1.79,0.16,0.22,0.17,3.0,2.0,4.0,9.0,1.0,0.0,0.0,0.0,0.0,2.0,2.0,2.0,4.0,1.0,2.0,9.0,13.0,0.0,2.0,4.0,1.0,0.0,0.1,0.1,0.0,0.0,1.0,0.0,9.76,5.0,5.3,1.0,0.06,0.0,0.0,0.27,0.28,0.22,8.84,0.56,0.81,1.83,0.03,4.84,4.95,0.55,0.51,0.5,8.0,5.0,4.0,17.0,0.0,0.0,0.0,3.0,0.0,7.0,3.0,8.0,13.0,0.0,0.0,10.0,7.0,0.0,2.0,11.0,2.0,0.0,0.3,0.25,0.0,0.0,0.0,0.0,15.54,13.0,11.97,1.0,0.16,0.0,0.0,0.72,0.66,0.65
847121484784408484186,2026,Ovechkin-Strome-Leonard,WSH,line,5on5,2,824.0,5.0,0.26,0.32,0.22,4.74,0.45,0.4,0.57,0.01,2.1,2.46,0.45,0.51,0.51,4.0,2.0,6.0,12.0,1.0,0.0,0.0,1.0,0.0,0.0,4.0,3.0,5.0,3.0,6.0,7.0,7.0,1.0,4.0,3.0,3.0,0.0,0.02,0.43,0.0,0.0,1.0,0.0,13.18,6.0,6.55,3.0,0.09,0.0,0.0,0.54,0.61,0.6,16.11,1.26,1.59,2.82,0.04,7.34,7.95,1.24,1.19,1.18,10.0,11.0,4.0,25.0,0.0,2.0,0.0,1.0,0.0,11.0,7.0,10.0,21.0,2.0,4.0,6.0,4.0,0.0,5.0,14.0,7.0,0.0,0.46,0.8,0.0,0.0,0.0,0.0,23.54,21.0,20.2,2.0,0.32,0.12,0.12,1.46,1.39,1.38
84769588478970,2026,Slavin-Chatfield,CAR,pairing,5on5,3,2609.0,4.0,0.74,0.69,0.7,29.5,2.98,3.15,4.93,0.07,14.05,13.82,2.79,2.97,2.78,27.0,12.0,14.0,53.0,1.0,5.0,0.0,8.0,0.0,17.0,8.0,26.0,38.0,4.0,8.0,27.0,27.0,0.0,12.0,27.0,9.0,3.0,0.73,0.92,1.33,1.0,0.0,0.0,51.49,39.0,38.11,2.0,0.66,1.31,1.31,2.33,2.27,2.16,13.42,1.07,1.27,1.94,0.03,6.01,6.7,1.06,1.14,1.13,12.0,5.0,7.0,24.0,1.0,1.0,0.0,3.0,0.0,5.0,7.0,11.0,16.0,3.0,6.0,23.0,28.0,0.0,11.0,10.0,7.0,0.0,0.15,0.91,0.0,0.0,1.0,0.0,26.06,17.0,18.31,5.0,0.27,0.01,0.01,1.32,1.41,1.4
847638984779518479343,2026,Schmaltz-Trocheck-Keller,UTA,line,5on5,3,1964.0,4.0,0.5,0.61,0.63,23.09,1.85,2.6,3.94,0.05,11.35,11.22,1.71,1.89,1.75,22.0,9.0,7.0,38.0,2.0,4.0,1.0,7.0,0.0,10.0,8.0,20.0,29.0,3.0,9.0,16.0,16.0,3.0,13.0,23.0,7.0,1.0,0.76,0.87,0.21,1.0,1.0,0.0,39.41,31.0,31.71,6.0,0.55,0.19,0.19,2.21,2.26,2.1,13.83,1.88,1.4,2.54,0.03,5.78,6.38,1.82,1.76,1.7,12.0,6.0,6.0,24.0,2.0,3.0,1.0,5.0,0.0,4.0,4.0,10.0,16.0,4.0,11.0,15.0,10.0,2.0,11.0,11.0,5.0,2.0,0.32,0.82,0.73,0.0,2.0,0.0,22.75,18.0,17.23,10.0,0.29,0.73,0.73,1.44,1.35,1.33
84746008479980,2026,Josi-Hague,NSH,pairing,5on5,2,1058.0,7.0,0.21,0.21,0.17,3.09,0.28,0.41,0.54,0.01,2.01,1.76,0.27,0.28,0.26,2.0,3.0,3.0,8.0,0.0,0.0,0.0,0.0,0.0,4.0,1.0,2.0,5.0,0.0,0.0,9.0,7.0,2.0,3.0,4.0,1.0,0.0,0.2,0.09,0.0,0.0,0.0,0.0,8.04,5.0,4.99,1.0,0.09,0.0,0.0,0.37,0.36,0.34,16.09,1.05,1.53,3.3,0.04,8.5,9.56,1.01,1.09,1.04,15.0,9.0,6.0,30.0,1.0,0.0,0.0,5.0,0.0,13.0,5.0,14.0,23.0,1.0,2.0,8.0,8.0,1.0,2.0,21.0,3.0,0.0,0.72,0.33,0.0,0.0,1.0,0.0,30.5,24.0,24.34,1.0,0.31,0.0,0.0,1.36,1.41,1.35
847841384820628483450,2026,Greenway-Greene-Smith,CHI,line,5on5,3,2003.0,4.0,0.5,0.44,0.46,16.43,1.42,1.58,3.37,0.03,8.0,7.6,1.36,1.45,1.38,15.0,7.0,5.0,27.0,1.0,5.0,0.0,2.0,0.0,6.0,8.0,14.0,21.0,2.0,4.0,16.0,14.0,3.0,9.0,16.0,4.0,2.0,0.46,0.36,0.6,1.0,0.0,0.0,26.5,22.0,21.84,5.0,0.33,0.73,0.73,1.02,1.03,1.02,19.32,1.41,2.32,3.38,0.06,9.55,9.28,1.33,1.36,1.29,16.0,10.0,9.0,35.0,0.0,4.0,0.0,3.0,0.0,10.0,9.0,16.0,26.0,2.0,4.0,21.0,20.0,2.0,10.0,20.0,6.0,0.0,0.68,0.74,0.0,0.0,0.0,0.0,34.52,26.0,25.61,4.0,0.5,0.24,0.24,1.67,1.61,1.54
847740284815808482745,2026,Mcmichael-Mctavish-Buchnevich,STL,line,5on5,2,757.0,6.0,0.52,0.61,0.53,5.9,0.27,0.57,1.22,0.01,3.03,2.89,0.27,0.29,0.29,4.0,4.0,6.0,14.0,0.0,1.0,0.0,2.0,0.0,4.0,1.0,4.0,8.0,0.0,0.0,11.0,3.0,0.0,5.0,7.0,1.0,0.0,0.11,0.16,0.0,0.0,0.0,0.0,13.95,8.0,7.95,3.0,0.12,0.02,0.02,0.37,0.39,0.38,5.17,0.25,0.46,1.09,0.01,2.55,2.63,0.25,0.24,0.24,5.0,2.0,2.0,9.0,0.0,2.0,0.0,2.0,0.0,1.0,2.0,5.0,7.0,1.0,2.0,12.0,3.0,1.0,5.0,6.0,1.0,0.0,0.15,0.1,0.0,0.0,0.0,0.0,8.9,7.0,6.93,3.0,0.1,0.02,0.02,0.33,0.32,0.32
84764628478399,2026,Siegenthaler-Hamilton,NJD,pairing,5on5,2,1839.0,2.0,0.74,0.7,0.73,27.4,2.67,2.74,5.07,0.08,12.67,13.77,2.57,2.56,2.46,23.0,14.0,14.0,51.0,1.0,5.0,0.0,6.0,0.0,12.0,13.0,22.0,36.0,1.0,2.0,16.0,12.0,5.0,11.0,27.0,7.0,3.0,0.85,1.01,0.82,1.0,0.0,0.0,47.99,37.0,35.53,5.0,0.57,0.55,0.55,2.69,2.59,2.52,10.51,0.92,1.11,1.83,0.03,5.35,4.76,0.92,0.95,0.94,13.0,1.0,8.0,22.0,2.0,0.0,0.0,3.0,0.0,3.0,6.0,11.0,12.0,4.0,8.0,21.0,11.0,2.0,14.0,9.0,4.0,1.0,0.19,0.49,0.24,1.0,1.0,0.0,22.96,14.0,14.43,8.0,0.23,0.0,0.0,1.16,1.19,1.18
84807278480860,2026,Bahl-Whitecloud,CGY,pairing,5on5,3,1782.0,12.0,0.52,0.63,0.63,13.74,0.73,1.41,2.21,0.03,6.5,8.12,0.72,0.73,0.72,10.0,9.0,13.0,32.0,0.0,1.0,0.0,1.0,0.0,10.0,7.0,10.0,19.0,3.0,9.0,16.0,9.0,4.0,9.0,17.0,2.0,0.0,0.54,0.19,0.0,0.0,0.0,0.0,31.47,19.0,19.17,3.0,0.29,0.03,0.03,0.99,1.0,0.98,8.25,0.67,0.84,1.39,0.02,3.53,4.55,0.66,0.68,0.67,8.0,3.0,8.0,19.0,2.0,2.0,0.0,1.0,0.0,3.0,3.0,6.0,9.0,1.0,5.0,18.0,17.0,2.0,8.0,7.0,3.0,1.0,0.14,0.3,0.23,0.0,1.0,1.0,20.04,11.0,11.26,4.0,0.18,0.05,0.05,0.8,0.81,0.8
84769178485366,2026,Schaefer-Pelech,NYI,pairing,5on5,2,1306.0,2.0,0.65,0.59,0.54,11.26,1.23,1.18,1.96,0.03,5.27,5.34,1.16,1.25,1.17,7.0,8.0,5.0,20.0,2.0,3.0,1.0,1.0,0.0,3.0,6.0,5.0,13.0,2.0,4.0,11.0,12.0,6.0,7.0,9.0,4.0,2.0,0.18,0.55,0.5,0.0,1.0,1.0,20.23,15.0,15.25,2.0,0.25,0.59,0.59,0.89,0.9,0.89,9.37,0.67,0.94,1.75,0.02,4.54,5.08,0.64,0.66,0.63,7.0,6.0,1.0,14.0,0.0,0.0,0.0,3.0,0.0,2.0,8.0,7.0,13.0,2.0,4.0,11.0,7.0,2.0,8.0,12.0,1.0,0.0,0.52,0.15,0.0,0.0,0.0,0.0,13.42,13.0,12.87,3.0,0.2,0.0,0.0,0.87,0.86,0.82
84745638475208,2026,Dumoulin-Doughty,LAK,pairing,5on5,2,1305.0,4.0,0.33,0.45,0.42,9.52,0.78,0.92,1.91,0.03,4.67,4.69,0.76,0.81,0.8,7.0,6.0,5.0,18.0,2.0,0.0,0.0,0.0,0.0,7.0,4.0,5.0,11.0,0.0,0.0,11.0,3.0,3.0,10.0,10.0,2.0,1.0,0.36,0.18,0.24,2.0,0.0,0.0,18.06,13.0,13.19,4.0,0.19,0.0,0.0,0.97,1.01,0.99,13.52,1.58,1.53,2.54,0.03,5.92,6.4,1.47,1.59,1.47,16.0,2.0,4.0,22.0,3.0,3.0,2.0,3.0,0.0,4.0,5.0,13.0,15.0,0.0,0.0,12.0,7.0,2.0,9.0,11.0,5.0,2.0,0.33,0.63,0.62,1.0,2.0,0.0,22.84,18.0,18.38,6.0,0.32,0.4,0.4,1.5,1.5,1.47
84842408484798,2026,Buium-Willander,VAN,pairing,5on5,4,1003.0,16.0,0.25,0.61,0.53,5.86,0.21,0.45,1.31,0.02,2.79,3.23,0.2,0.19,0.19,6.0,2.0,6.0,14.0,0.0,0.0,0.0,2.0,0.0,1.0,5.0,6.0,8.0,1.0,2.0,3.0,7.0,0.0,3.0,8.0,0.0,0.0,0.21,0.0,0.0,0.0,0.0,0.0,13.6,8.0,7.69,2.0,0.09,0.0,0.0,0.3,0.28,0.28,5.29,0.62,0.61,0.78,0.01,2.38,2.59,0.61,0.66,0.66,4.0,3.0,2.0,9.0,2.0,1.0,0.0,0.0,0.0,3.0,1.0,2.0,5.0,1.0,2.0,8.0,5.0,1.0,6.0,4.0,2.0,1.0,0.11,0.27,0.24,0.0,1.0,1.0,9.33,7.0,7.06,3.0,0.13,0.02,0.02,0.73,0.77,0.76
84820738485957,2026,Schneider-Smits,NYR,pairing,5on5,4,2659.0,12.0,0.42,0.37,0.34,14.93,1.58,1.71,2.42,0.04,6.82,6.43,1.57,1.6,1.59,13.0,6.0,10.0,29.0,2.0,1.0,0.0,3.0,1.0,9.0,3.0,11.0,17.0,5.0,10.0,21.0,24.0,2.0,11.0,10.0,8.0,1.0,0.3,1.08,0.2,1.0,0.0,1.0,29.8,19.0,19.28,6.0,0.36,0.06,0.06,1.89,1.91,1.9,28.18,2.21,3.58,5.18,0.07,12.41,13.55,2.17,2.14,2.11,28.0,9.0,13.0,50.0,1.0,10.0,0.0,7.0,0.0,9.0,10.0,27.0,36.0,3.0,6.0,22.0,36.0,4.0,8.0,28.0,8.0,1.0,0.86,1.02,0.33,0.0,1.0,0.0,47.67,37.0,35.49,4.0,0.77,0.68,0.68,2.3,2.24,2.21
84764738478854,2026,Shea-Murphy,EDM,pairing,5on5,3,1803.0,8.0,0.6,0.42,0.49,13.46,1.68,1.29,2.18,0.04,6.17,6.65,1.47,1.74,1.53,14.0,4.0,3.0,21.0,3.0,2.0,1.0,3.0,0.0,4.0,6.0,11.0,15.0,2.0,4.0,20.0,20.0,3.0,8.0,13.0,2.0,3.0,0.35,0.32,1.02,1.0,1.0,1.0,21.95,18.0,18.76,5.0,0.27,0.8,0.8,1.15,1.21,1.18,13.99,1.12,1.52,2.46,0.03,6.83,7.04,1.07,1.08,1.04,13.0,6.0,10.0,29.0,1.0,4.0,1.0,5.0,0.0,7.0,2.0,12.0,18.0,3.0,6.0,14.0,13.0,4.0,11.0,15.0,3.0,1.0,0.41,0.45,0.26,1.0,0.0,0.0,28.15,19.0,18.56,5.0,0.31,0.11,0.11,1.32,1.29,1.24
847942084800648482659,2026,Norris-Thompson-Doan,BUF,line,5on5,2,1418.0,4.0,0.69,0.66,0.65,15.03,1.54,1.56,2.43,0.04,7.49,6.93,1.45,1.5,1.41,14.0,6.0,9.0,29.0,1.0,2.0,0.0,3.0,1.0,5.0,8.0,13.0,19.0,1.0,2.0,17.0,12.0,1.0,4.0,13.0,6.0,1.0,0.49,0.82,0.23,1.0,0.0,0.0,27.45,20.0,18.98,1.0,0.33,0.07,0.07,1.79,1.74,1.65,7.82,0.7,0.72,1.54,0.02,3.84,4.17,0.69,0.71,0.7,6.0,5.0,4.0,15.0,0.0,1.0,0.0,1.0,0.0,5.0,4.0,6.0,11.0,1.0,2.0,18.0,8.0,3.0,7.0,7.0,4.0,0.0,0.21,0.49,0.0,0.0,0.0,0.0,15.16,11.0,11.17,3.0,0.15,0.09,0.09,0.76,0.77,0.76
847740984779358479314,2026,Tkachuk-Bennett-Verhaeghe,FLA,line,5on5,3,1871.0,3.0,0.71,0.55,0.55,15.81,1.8,1.68,2.74,0.05,7.32,7.4,1.68,1.88,1.76,9.0,12.0,8.0,29.0,2.0,3.0,1.0,3.0,0.0,6.0,7.0,7.0,19.0,1.0,2.0,14.0,17.0,3.0,9.0,13.0,5.0,3.0,0.33,0.69,0.78,0.0,1.0,1.0,29.43,21.0,21.31,4.0,0.35,0.54,0.54,1.61,1.68,1.66,13.13,0.74,1.56,1.99,0.04,6.54,6.12,0.74,0.74,0.73,11.0,6.0,7.0,24.0,0.0,3.0,0.0,2.0,0.0,2.0,10.0,11.0,17.0,3.0,6.0,13.0,17.0,4.0,7.0,14.0,3.0,0.0,0.38,0.36,0.0,0.0,0.0,0.0,24.42,17.0,17.35,5.0,0.33,0.18,0.18,0.9,0.88,0.88
84794258483678,2026,Pettersson-Hronek,VAN,pairing,5on5,3,864.0,14.0,0.6,0.47,0.5,7.23,0.84,0.73,1.18,0.02,3.18,4.05,0.83,0.78,0.78,7.0,3.0,4.0,14.0,1.0,2.0,0.0,1.0,0.0,3.0,3.0,6.0,9.0,1.0,2.0,10.0,11.0,1.0,3.0,4.0,5.0,1.0,0.17,0.46,0.21,0.0,1.0,0.0,12.98,10.0,9.49,1.0,0.15,0.19,0.06,0.93,0.87,0.87,7.73,0.55,0.85,1.37,0.01,3.85,3.37,0.54,0.56,0.56,8.0,2.0,6.0,16.0,0.0,1.0,0.0,2.0,0.0,4.0,3.0,8.0,10.0,1.0,2.0,6.0,5.0,2.0,3.0,8.0,1.0,1.0,0.16,0.17,0.22,0.0,0.0,0.0,16.36,10.0,10.17,1.0,0.17,0.08,0.08,0.64,0.67,0.66
84773698482126,2026,Soucy-Andrae,CBJ,pairing,5on5,2,915.0,4.0,0.61,0.46,0.43,4.75,0.85,0.4,0.84,0.01,1.91,2.0,0.82,0.79,0.76,5.0,1.0,5.0,11.0,2.0,0.0,0.0,2.0,0.0,1.0,1.0,3.0,4.0,2.0,4.0,10.0,3.0,2.0,4.0,3.0,2.0,1.0,0.04,0.27,0.53,0.0,2.0,0.0,10.61,6.0,5.69,3.0,0.08,0.0,0.53,0.4,0.38,0.37,6.56,0.54,0.73,1.05,0.02,2.69,2.97,0.52,0.59,0.57,7.0,1.0,5.0,13.0,0.0,1.0,0.0,1.0,0.0,3.0,3.0,7.0,8.0,0.0,0.0,7.0,5.0,0.0,5.0,6.0,1.0,1.0,0.16,0.14,0.23,0.0,0.0,0.0,14.03,8.0,8.78,1.0,0.15,0.03,0.03,0.66,0.73,0.7
84793988481527,2026,Girard-Korczak,PIT,pairing,5on5,2,1697.0,2.0,0.63,0.48,0.57,18.27,1.55,2.5,3.09,0.05,7.9,7.9,1.43,1.69,1.55,18.0,5.0,3.0,26.0,3.0,5.0,0.0,2.0,0.0,8.0,5.0,15.0,20.0,1.0,2.0,12.0,8.0,1.0,5.0,16.0,5.0,2.0,0.45,0.65,0.45,0.0,1.0,2.0,28.77,23.0,25.1,3.0,0.53,0.17,0.17,1.91,2.08,1.93,12.4,0.9,1.29,2.27,0.03,5.79,6.72,0.9,0.89,0.89,9.0,8.0,11.0,28.0,2.0,0.0,0.0,1.0,0.0,8.0,6.0,7.0,15.0,1.0,2.0,15.0,16.0,4.0,5.0,13.0,3.0,1.0,0.39,0.3,0.21,1.0,1.0,0.0,26.62,17.0,16.41,2.0,0.26,0.0,0.0,1.16,1.14,1.14
84827318483521,2026,Warren-Hinds,ANA,pairing,5on5,2,1084.0,5.0,0.48,0.44,0.47,6.77,0.32,0.83,1.15,0.01,3.58,3.1,0.31,0.33,0.32,8.0,1.0,5.0,14.0,1.0,2.0,0.0,3.0,1.0,0.0,2.0,7.0,8.0,1.0,2.0,7.0,11.0,1.0,5.0,8.0,1.0,0.0,0.17,0.15,0.0,1.0,0.0,0.0,14.7,9.0,9.39,3.0,0.18,0.16,0.16,0.34,0.35,0.34,7.45,0.34,0.67,1.61,0.01,3.72,3.65,0.33,0.34,0.33,8.0,2.0,8.0,18.0,1.0,0.0,0.0,3.0,0.0,4.0,2.0,7.0,9.0,1.0,2.0,11.0,7.0,0.0,5.0,10.0,0.0,0.0,0.34,0.0,0.0,1.0,0.0,0.0,17.57,10.0,9.77,0.0,0.14,0.0,0.0,0.47,0.47,0.47
84745788483398,2026,Carlile-Karlsson,PIT,pairing,5on5,2,1268.0,6.0,0.67,0.6,0.63,16.3,1.63,1.59,3.26,0.04,7.44,8.04,1.57,1.73,1.67,14.0,8.0,5.0,27.0,3.0,3.0,0.0,3.0,0.0,8.0,5.0,11.0,19.0,1.0,2.0,7.0,10.0,2.0,5.0,16.0,5.0,1.0,0.59,0.74,0.3,1.0,2.0,0.0,29.53,22.0,23.46,1.0,0.33,0.5,0.5,1.46,1.54,1.5,9.47,0.8,0.94,1.74,0.02,4.62,4.88,0.8,0.8,0.8,6.0,7.0,5.0,18.0,0.0,0.0,0.0,0.0,0.0,5.0,8.0,6.0,13.0,2.0,4.0,13.0,12.0,2.0,9.0,8.0,4.0,1.0,0.19,0.37,0.24,0.0,0.0,0.0,17.08,13.0,12.56,3.0,0.19,0.0,0.0,0.99,0.99,0.99
84740138481568,2026,Cole-Vlasic,CHI,pairing,5on5,3,1158.0,15.0,0.56,0.4,0.41,7.08,1.2,0.84,1.03,0.02,2.85,3.06,1.16,1.28,1.25,7.0,2.0,3.0,12.0,2.0,1.0,0.0,1.0,0.0,2.0,3.0,5.0,7.0,1.0,2.0,8.0,7.0,2.0,7.0,3.0,5.0,1.0,0.12,0.71,0.36,0.0,2.0,0.0,12.58,9.0,9.55,3.0,0.18,0.36,0.36,1.01,1.09,1.09,9.91,0.93,0.99,1.68,0.03,4.19,5.18,0.87,0.86,0.8,8.0,5.0,5.0,18.0,0.0,2.0,0.0,1.0,0.0,2.0,8.0,8.0,13.0,1.0,2.0,14.0,13.0,3.0,7.0,9.0,3.0,1.0,0.35,0.35,0.23,0.0,0.0,0.0,16.78,13.0,12.1,3.0,0.21,0.07,0.07,1.06,0.98,0.93
847653984795258482145,2026,Colton-Bourque-Marchessault,NSH,line,5on5,2,970.0,3.0,0.33,0.42,0.48,8.12,0.27,0.86,1.46,0.02,3.92,4.46,0.26,0.26,0.25,7.0,4.0,2.0,13.0,0.0,1.0,0.0,2.0,0.0,2.0,6.0,7.0,11.0,2.0,4.0,5.0,8.0,1.0,4.0,11.0,0.0,0.0,0.27,0.0,0.0,0.0,0.0,0.0,12.54,11.0,10.86,0.0,0.18,0.02,0.02,0.43,0.41,0.39,8.46,0.55,0.88,1.79,0.03,4.22,4.53,0.54,0.57,0.56,6.0,6.0,6.0,18.0,0.0,1.0,0.0,2.0,0.0,5.0,4.0,6.0,12.0,0.0,0.0,6.0,13.0,2.0,2.0,10.0,2.0,0.0,0.35,0.2,0.0,0.0,0.0,0.0,18.46,12.0,12.27,2.0,0.18,0.1,0.1,0.63,0.66,0.65
84757538483679,2026,Faulk-Johansson,DET,pairing,5on5,2,1398.0,4.0,0.49,0.6,0.52,10.29,0.87,1.12,1.67,0.04,5.23,5.07,0.82,0.81,0.76,9.0,5.0,7.0,21.0,0.0,1.0,0.0,3.0,0.0,8.0,2.0,9.0,14.0,4.0,8.0,17.0,20.0,2.0,1.0,11.0,3.0,0.0,0.52,0.35,0.0,0.0,0.0,0.0,19.35,14.0,12.93,1.0,0.23,0.1,0.1,1.01,0.94,0.89,9.85,0.91,1.19,1.64,0.03,4.6,4.63,0.88,0.99,0.96,7.0,6.0,1.0,14.0,0.0,1.0,0.0,1.0,0.0,9.0,2.0,7.0,13.0,3.0,6.0,10.0,14.0,1.0,8.0,10.0,2.0,1.0,0.36,0.3,0.24,0.0,0.0,0.0,15.53,13.0,14.22,4.0,0.26,0.05,0.05,1.11,1.21,1.18
847747884784278480830,2026,Carrier-Aho-Svechnikov,CAR,line,5on5,1,627.0,2.0,0.81,0.8,0.81,9.98,1.13,1.1,1.86,0.03,4.51,4.37,1.09,1.18,1.14,7.0,6.0,3.0,16.0,1.0,2.0,0.0,4.0,0.0,4.0,2.0,6.0,12.0,0.0,0.0,7.0,4.0,0.0,5.0,7.0,4.0,2.0,0.35,0.35,0.43,1.0,0.0,0.0,16.36,13.0,13.2,1.0,0.23,0.16,0.16,1.21,1.26,1.22,1.85,0.26,0.23,0.4,0.01,1.02,1.08,0.24,0.25,0.23,2.0,1.0,1.0,4.0,1.0,0.0,0.0,0.0,0.0,2.0,0.0,1.0,2.0,0.0,0.0,4.0,13.0,0.0,6.0,2.0,1.0,0.0,0.15,0.11,0.0,0.0,1.0,0.0,3.71,3.0,2.8,4.0,0.05,0.0,0.0,0.31,0.29,0.27
847342284752208477446,2026,Foligno-Mccarron-Foligno,MIN,line,5on5,2,1029.0,3.0,0.73,0.7,0.7,12.2,1.04,1.63,1.87,0.04,5.32,6.1,1.03,1.11,1.09,13.0,3.0,5.0,21.0,2.0,3.0,1.0,2.0,0.0,4.0,5.0,11.0,14.0,1.0,2.0,13.0,5.0,2.0,2.0,13.0,2.0,1.0,0.48,0.29,0.27,1.0,1.0,0.0,22.09,16.0,16.69,1.0,0.33,0.26,0.26,1.11,1.17,1.15,4.97,0.38,0.51,0.82,0.02,2.86,2.41,0.38,0.39,0.38,4.0,3.0,2.0,9.0,0.0,0.0,0.0,1.0,0.0,3.0,3.0,4.0,7.0,0.0,0.0,8.0,6.0,1.0,3.0,5.0,2.0,0.0,0.13,0.25,0.0,0.0,0.0,0.0,8.87,7.0,7.02,2.0,0.11,0.0,0.0,0.48,0.49,0.49
84754558480990,2026,Dillon-Chisholm,NJD,pairing,5on5,2,1321.0,6.0,0.52,0.51,0.52,9.97,0.71,0.96,1.96,0.03,5.04,5.31,0.69,0.69,0.67,5.0,9.0,7.0,21.0,0.0,0.0,0.0,2.0,0.0,6.0,6.0,5.0,14.0,1.0,2.0,11.0,8.0,0.0,7.0,10.0,4.0,0.0,0.25,0.45,0.0,0.0,0.0,0.0,19.51,14.0,13.41,2.0,0.2,0.0,0.0,0.91,0.88,0.85,9.26,0.65,1.0,1.66,0.02,4.52,5.14,0.64,0.68,0.66,11.0,2.0,7.0,20.0,1.0,1.0,0.0,2.0,0.0,5.0,4.0,10.0,12.0,4.0,8.0,5.0,13.0,1.0,8.0,12.0,1.0,0.0,0.51,0.14,0.0,0.0,1.0,0.0,21.07,13.0,13.57,2.0,0.21,0.02,0.02,0.84,0.88,0.86
84793248479372,2026,Lindgren-Mahura,SEA,pairing,5on5,1,710.0,3.0,0.39,0.32,0.41,5.54,0.64,0.65,1.06,0.02,2.36,2.27,0.61,0.73,0.71,4.0,3.0,1.0,8.0,2.0,1.0,1.0,0.0,0.0,2.0,2.0,2.0,5.0,2.0,4.0,5.0,4.0,1.0,2.0,3.0,4.0,0.0,0.1,0.54,0.0,0.0,2.0,0.0,9.71,7.0,8.13,2.0,0.14,0.18,0.18,0.59,0.68,0.66,8.1,0.99,1.01,1.16,0.02,3.51,3.31,0.94,0.89,0.85,7.0,3.0,7.0,17.0,0.0,2.0,0.0,1.0,0.0,3.0,4.0,7.0,10.0,1.0,2.0,9.0,3.0,0.0,6.0,3.0,7.0,0.0,0.09,0.9,0.0,0.0,0.0,0.0,14.82,10.0,8.89,2.0,0.21,0.12,0.12,1.08,0.97,0.94
847646184785698479336,2026,Couturier-Acciari-Grundstrom,PHI,line,5on5,2,750.0,5.0,0.29,0.36,0.44,5.09,0.28,0.61,1.01,0.01,2.57,2.52,0.28,0.28,0.28,4.0,3.0,1.0,8.0,0.0,0.0,0.0,1.0,0.0,3.0,3.0,4.0,7.0,1.0,2.0,10.0,9.0,0.0,3.0,6.0,1.0,0.0,0.14,0.14,0.0,0.0,0.0,0.0,7.67,7.0,6.67,1.0,0.13,0.0,0.0,0.41,0.4,0.4,6.67,0.7,0.62,1.36,0.02,3.17,3.13,0.65,0.68,0.64,4.0,5.0,5.0,14.0,1.0,0.0,0.0,3.0,0.0,4.0,1.0,3.0,8.0,0.0,0.0,4.0,6.0,0.0,7.0,6.0,2.0,1.0,0.15,0.24,0.29,0.0,1.0,0.0,14.11,9.0,8.83,5.0,0.13,0.0,0.0,0.82,0.8,0.76
84756908476931,2026,Mccabe-Tanev,TOR,pairing,5on5,3,2013.0,7.0,0.51,0.43,0.44,13.0,0.8,1.74,2.28,0.03,6.39,5.75,0.79,0.76,0.76,13.0,4.0,4.0,21.0,0.0,2.0,0.0,6.0,0.0,4.0,5.0,13.0,17.0,4.0,8.0,22.0,16.0,1.0,15.0,14.0,3.0,0.0,0.46,0.33,0.0,0.0,0.0,0.0,20.88,17.0,16.74,7.0,0.38,0.11,0.11,1.06,1.02,1.01,15.89,0.78,1.58,3.13,0.04,7.75,8.72,0.77,0.8,0.8,15.0,7.0,6.0,28.0,0.0,1.0,0.0,4.0,0.0,12.0,5.0,15.0,22.0,4.0,8.0,17.0,26.0,2.0,7.0,19.0,3.0,0.0,0.51,0.27,0.0,0.0,0.0,0.0,28.33,22.0,22.38,5.0,0.32,0.09,0.09,1.01,1.04,1.03
84751798477932,2026,Kulikov-Ekblad,FLA,pairing,5on5,1,616.0,2.0,0.66,0.38,0.3,2.35,0.5,0.34,0.27,0.01,1.03,0.85,0.5,0.53,0.53,2.0,1.0,3.0,6.0,1.0,0.0,0.0,0.0,0.0,0.0,2.0,1.0,2.0,1.0,2.0,6.0,8.0,0.0,3.0,1.0,1.0,1.0,0.03,0.14,0.33,0.0,1.0,0.0,6.1,3.0,3.09,1.0,0.07,0.0,0.0,0.57,0.6,0.6,4.41,0.26,0.46,1.01,0.01,2.83,2.42,0.26,0.26,0.25,4.0,3.0,3.0,10.0,1.0,1.0,0.0,1.0,0.0,2.0,2.0,3.0,6.0,0.0,0.0,1.0,4.0,3.0,3.0,7.0,0.0,0.0,0.26,0.0,0.0,1.0,0.0,0.0,9.92,7.0,6.93,2.0,0.09,0.01,0.01,0.35,0.34,0.33
848275184835248484800,2026,Catton-Wright-Winterton,SEA,line,5on5,2,1050.0,4.0,0.65,0.58,0.52,7.94,0.85,1.02,1.22,0.03,4.0,3.88,0.83,0.94,0.92,8.0,3.0,8.0,19.0,1.0,1.0,0.0,1.0,0.0,3.0,5.0,7.0,10.0,2.0,7.0,12.0,1.0,2.0,5.0,5.0,6.0,0.0,0.15,0.7,0.0,1.0,0.0,0.0,21.27,11.0,12.17,3.0,0.21,0.01,0.01,1.06,1.17,1.14,7.58,0.47,0.66,1.19,0.01,3.65,4.02,0.46,0.42,0.42,2.0,8.0,4.0,14.0,0.0,0.0,0.0,0.0,0.0,7.0,3.0,2.0,10.0,3.0,9.0,9.0,12.0,0.0,4.0,9.0,1.0,0.0,0.29,0.18,0.0,0.0,0.0,0.0,12.64,10.0,9.39,2.0,0.14,0.0,0.0,0.6,0.55,0.55
84774998477948,2026,Sanheim-Ristolainen,PHI,pairing,5on5,3,2522.0,5.0,0.3,0.35,0.34,19.79,1.38,1.9,4.13,0.05,10.05,10.49,1.35,1.35,1.33,22.0,6.0,7.0,35.0,2.0,0.0,0.0,8.0,0.0,10.0,8.0,20.0,26.0,2.0,4.0,25.0,24.0,2.0,14.0,22.0,6.0,0.0,0.62,0.76,0.0,1.0,1.0,0.0,33.91,28.0,27.43,9.0,0.39,0.0,0.0,1.77,1.74,1.71,40.68,3.16,4.2,7.25,0.12,19.77,19.5,3.01,3.28,3.12,35.0,19.0,12.0,66.0,3.0,4.0,0.0,9.0,0.0,23.0,15.0,32.0,51.0,2.0,4.0,24.0,19.0,3.0,13.0,43.0,9.0,2.0,1.47,1.17,0.52,2.0,1.0,0.0,68.93,54.0,56.26,7.0,0.87,0.47,0.47,3.56,3.67,3.51
848001484827658486025,2026,Vilardi-Bjrck-Rosn,WPG,line,5on5,2,1065.0,5.0,0.39,0.46,0.47,5.65,0.3,0.55,1.13,0.01,2.72,3.29,0.3,0.3,0.3,5.0,3.0,3.0,11.0,0.0,0.0,0.0,2.0,0.0,3.0,3.0,5.0,8.0,1.0,2.0,4.0,4.0,0.0,8.0,8.0,0.0,0.0,0.3,0.0,0.0,0.0,0.0,0.0,11.12,8.0,8.1,3.0,0.12,0.0,0.0,0.41,0.42,0.42,6.84,0.47,0.72,1.23,0.01,3.18,3.39,0.43,0.43,0.39,6.0,3.0,4.0,13.0,0.0,0.0,0.0,2.0,0.0,5.0,2.0,6.0,9.0,1.0,2.0,10.0,15.0,0.0,7.0,7.0,2.0,0.0,0.21,0.26,0.0,0.0,0.0,0.0,12.07,9.0,8.19,3.0,0.15,0.0,0.0,0.62,0.57,0.52
84781368484768,2026,Middleton-Parekh,CGY,pairing,5on5,3,2369.0,7.0,0.5,0.55,0.54,24.2,1.73,2.4,4.25,0.05,11.32,12.25,1.72,1.65,1.64,18.0,14.0,12.0,44.0,0.0,3.0,0.0,2.0,1.0,15.0,11.0,18.0,32.0,2.0,4.0,23.0,25.0,4.0,9.0,24.0,8.0,0.0,0.67,1.06,0.0,0.0,0.0,0.0,40.79,32.0,30.57,5.0,0.5,0.05,0.05,2.19,2.09,2.08,19.15,1.72,2.04,3.17,0.06,9.41,10.61,1.7,1.81,1.79,18.0,9.0,9.0,36.0,2.0,2.0,0.0,4.0,0.0,9.0,10.0,16.0,25.0,2.0,4.0,16.0,15.0,6.0,18.0,18.0,9.0,0.0,0.57,1.15,0.0,2.0,0.0,0.0,38.84,27.0,28.52,12.0,0.43,0.09,0.09,2.06,2.17,2.14
848002384820778483516,2026,Holloway-Thomas-Snuggerud,STL,line,5on5,2,1091.0,3.0,0.65,0.57,0.55,9.38,1.12,1.02,1.73,0.02,4.13,3.97,1.04,1.15,1.07,8.0,4.0,8.0,20.0,0.0,1.0,0.0,4.0,0.0,5.0,2.0,8.0,12.0,2.0,7.0,8.0,9.0,0.0,6.0,8.0,2.0,2.0,0.24,0.36,0.51,0.0,0.0,0.0,20.23,12.0,12.05,1.0,0.21,0.04,0.04,1.29,1.33,1.24,7.18,0.61,0.65,1.34,0.01,3.71,3.67,0.61,0.6,0.6,4.0,6.0,5.0,15.0,2.0,1.0,0.0,1.0,0.0,2.0,4.0,2.0,8.0,1.0,2.0,16.0,5.0,0.0,6.0,7.0,3.0,0.0,0.16,0.46,0.0,0.0,2.0,0.0,15.21,10.0,9.91,2.0,0.13,0.0,0.0,0.74,0.73,0.72
84779508479378,2026,Stanley-Deangelo,NYI,pairing,5on5,2,1015.0,5.0,0.24,0.38,0.38,8.78,0.44,0.72,1.56,0.02,4.46,4.78,0.43,0.45,0.44,10.0,2.0,3.0,15.0,1.0,0.0,0.0,0.0,0.0,5.0,6.0,9.0,11.0,1.0,2.0,7.0,13.0,1.0,8.0,10.0,2.0,0.0,0.22,0.23,0.0,0.0,1.0,0.0,15.6,12.0,12.06,3.0,0.15,0.0,0.0,0.59,0.61,0.59,14.3,1.38,1.54,2.43,0.04,7.2,7.42,1.28,1.36,1.26,13.0,7.0,5.0,25.0,1.0,1.0,0.0,3.0,0.0,12.0,3.0,12.0,19.0,1.0,2.0,11.0,6.0,0.0,7.0,12.0,8.0,0.0,0.41,0.97,0.0,0.0,1.0,0.0,23.99,20.0,19.64,3.0,0.32,0.04,0.04,1.66,1.64,1.52
847398684757988484762,2026,Killorn-Granlund-Sennecke,ANA,line,5on5,2,1141.0,3.0,0.41,0.32,0.27,3.07,0.13,0.39,0.24,0.01,1.39,1.85,0.13,0.14,0.14,4.0,0.0,5.0,9.0,1.0,0.0,0.0,1.0,0.0,0.0,2.0,3.0,3.0,0.0,0.0,9.0,2.0,1.0,11.0,4.0,0.0,0.0,0.13,0.0,0.0,1.0,0.0,0.0,9.76,4.0,4.36,4.0,0.09,0.0,0.0,0.22,0.24,0.24,7.93,0.18,0.72,1.87,0.01,4.03,4.18,0.18,0.17,0.17,4.0,7.0,8.0,19.0,0.0,1.0,0.0,1.0,0.0,4.0,5.0,4.0,11.0,1.0,2.0,12.0,8.0,2.0,6.0,11.0,0.0,0.0,0.18,0.0,0.0,0.0,0.0,0.0,17.61,11.0,10.11,3.0,0.15,0.02,0.02,0.31,0.3,0.29
847747684774928480039,2026,Lehkonen-Mackinnon-Necas,COL,line,5on5,2,1197.0,2.0,0.54,0.4,0.33,7.73,0.89,0.77,1.22,0.02,3.41,3.69,0.89,0.9,0.9,8.0,2.0,6.0,16.0,3.0,0.0,0.0,2.0,0.0,3.0,2.0,5.0,7.0,2.0,7.0,13.0,7.0,0.0,5.0,5.0,4.0,1.0,0.07,0.61,0.22,1.0,2.0,0.0,16.76,10.0,10.38,1.0,0.16,0.0,0.0,1.06,1.06,1.06,14.75,0.77,1.21,2.92,0.04,7.56,7.5,0.77,0.78,0.77,17.0,3.0,4.0,24.0,0.0,0.0,0.0,7.0,0.0,7.0,6.0,17.0,20.0,3.0,9.0,18.0,5.0,3.0,4.0,17.0,3.0,0.0,0.45,0.33,0.0,0.0,0.0,0.0,22.89,20.0,19.45,1.0,0.25,0.0,0.0,1.02,1.02,1.01
84815988484790,2026,Broberg-Jiricek,STL,pairing,5on5,2,752.0,9.0,0.55,0.52,0.4,5.16,0.77,0.63,0.72,0.01,1.87,2.0,0.71,0.83,0.77,6.0,0.0,6.0,12.0,1.0,1.0,0.0,1.0,0.0,3.0,0.0,5.0,5.0,1.0,2.0,6.0,4.0,0.0,7.0,2.0,3.0,1.0,0.07,0.45,0.25,0.0,1.0,0.0,12.92,6.0,6.5,3.0,0.14,0.04,0.04,0.87,0.94,0.86,7.3,0.64,0.82,1.0,0.02,3.36,3.17,0.63,0.61,0.61,7.0,2.0,2.0,11.0,1.0,1.0,0.0,0.0,0.0,2.0,5.0,6.0,8.0,1.0,2.0,8.0,5.0,1.0,7.0,5.0,4.0,0.0,0.14,0.5,0.0,0.0,1.0,0.0,10.67,9.0,8.67,3.0,0.17,0.04,0.04,0.77,0.74,0.74
847798784841858484197,2026,Lardis-Moore-Donato,CHI,line,5on5,2,601.0,9.0,0.21,0.21,0.19,2.36,0.26,0.25,0.44,0.01,0.97,1.07,0.26,0.28,0.28,3.0,0.0,1.0,4.0,1.0,0.0,0.0,1.0,0.0,1.0,0.0,2.0,2.0,0.0,0.0,5.0,6.0,1.0,1.0,2.0,1.0,0.0,0.08,0.18,0.0,0.0,1.0,0.0,4.34,3.0,3.23,1.0,0.05,0.0,0.0,0.31,0.34,0.34,9.43,1.0,0.92,1.78,0.02,4.63,4.65,0.94,0.94,0.89,9.0,4.0,2.0,15.0,3.0,0.0,0.0,2.0,0.0,5.0,3.0,6.0,10.0,0.0,0.0,4.0,9.0,1.0,4.0,8.0,5.0,0.0,0.37,0.63,0.0,2.0,1.0,0.0,14.98,13.0,12.61,2.0,0.19,0.0,0.0,1.19,1.12,1.06
84794258484798,2026,Buium-Hronek,VAN,pairing,5on5,4,2459.0,10.0,0.36,0.33,0.36,15.8,0.98,1.46,2.41,0.03,6.89,8.24,0.96,1.02,1.01,17.0,3.0,7.0,27.0,4.0,3.0,1.0,1.0,0.0,3.0,9.0,13.0,16.0,1.0,2.0,21.0,11.0,4.0,18.0,16.0,3.0,1.0,0.37,0.34,0.26,2.0,1.0,1.0,27.04,20.0,20.16,10.0,0.31,0.11,0.11,1.17,1.23,1.22,25.08,1.74,2.46,4.35,0.05,12.6,13.8,1.68,1.82,1.75,25.0,10.0,19.0,54.0,3.0,4.0,1.0,7.0,0.0,9.0,12.0,22.0,32.0,4.0,8.0,22.0,23.0,1.0,16.0,27.0,6.0,2.0,0.49,0.79,0.46,2.0,0.0,1.0,55.67,35.0,35.88,10.0,0.51,0.41,0.41,1.84,1.9,1.88
84779698480434,2026,Pettersson-Durzi,NYR,pairing,5on5,4,3388.0,4.0,0.35,0.42,0.39,17.66,1.62,1.93,3.1,0.04,8.57,8.74,1.57,1.68,1.64,15.0,9.0,16.0,40.0,0.0,1.0,0.0,1.0,0.0,16.0,6.0,15.0,24.0,5.0,13.0,24.0,37.0,7.0,22.0,16.0,6.0,2.0,0.49,0.7,0.42,0.0,0.0,0.0,42.11,24.0,24.98,9.0,0.4,0.05,0.05,1.97,2.05,2.0,28.31,2.94,3.27,4.13,0.08,12.85,13.72,2.87,2.89,2.82,20.0,17.0,18.0,55.0,0.0,1.0,0.0,4.0,0.0,16.0,16.0,20.0,37.0,4.0,11.0,20.0,30.0,3.0,19.0,23.0,12.0,2.0,0.97,1.54,0.44,0.0,0.0,0.0,53.59,37.0,36.04,12.0,0.7,0.03,0.03,3.61,3.55,3.46
847842084827408484829,2026,Hryckowian-Johnston-Rantanen,DAL,line,5on5,2,943.0,2.0,0.44,0.46,0.45,7.15,0.59,0.67,1.48,0.02,3.81,3.43,0.57,0.59,0.57,6.0,4.0,3.0,13.0,1.0,0.0,0.0,2.0,0.0,3.0,4.0,5.0,9.0,0.0,0.0,16.0,8.0,0.0,2.0,6.0,4.0,0.0,0.1,0.48,0.0,0.0,1.0,0.0,12.61,10.0,9.74,1.0,0.14,0.0,0.0,0.73,0.73,0.7,8.29,0.74,0.92,1.02,0.03,4.49,4.81,0.7,0.71,0.67,10.0,2.0,3.0,15.0,0.0,2.0,0.0,1.0,0.0,5.0,4.0,10.0,12.0,1.0,2.0,5.0,9.0,1.0,2.0,8.0,4.0,0.0,0.34,0.4,0.0,0.0,0.0,0.0,15.17,12.0,12.05,1.0,0.2,0.18,0.18,0.76,0.73,0.7
847579184827028482809,2026,Hall-Stankoven-Blake,CAR,line,5on5,3,1413.0,10.0,0.43,0.63,0.56,13.65,1.27,1.34,2.42,0.03,7.05,6.88,1.2,1.29,1.22,13.0,6.0,11.0,30.0,0.0,3.0,0.0,0.0,0.0,10.0,6.0,13.0,19.0,0.0,0.0,8.0,6.0,1.0,5.0,14.0,4.0,1.0,0.33,0.48,0.46,0.0,0.0,0.0,29.51,19.0,18.94,1.0,0.28,0.58,0.58,0.97,0.97,0.93,11.11,1.66,1.17,1.83,0.03,5.18,5.13,1.56,1.73,1.62,11.0,4.0,3.0,18.0,1.0,3.0,1.0,1.0,0.0,3.0,7.0,10.0,14.0,2.0,4.0,13.0,19.0,0.0,4.0,8.0,5.0,2.0,0.19,0.59,0.89,0.0,0.0,1.0,18.56,15.0,15.31,2.0,0.25,0.92,0.92,0.99,0.99,0.97
84808608483495,2026,Bahl-Nemec,CGY,pairing,5on5,3,1053.0,13.0,0.54,0.59,0.54,10.67,0.9,1.16,2.03,0.02,4.88,5.01,0.85,0.85,0.8,8.0,6.0,6.0,20.0,0.0,2.0,0.0,4.0,0.0,2.0,6.0,8.0,14.0,3.0,6.0,10.0,8.0,0.0,5.0,9.0,5.0,0.0,0.27,0.63,0.0,0.0,0.0,0.0,18.71,14.0,13.59,2.0,0.24,0.12,0.12,1.02,0.97,0.93,8.92,0.77,0.93,1.52,0.02,4.49,4.27,0.77,0.88,0.88,6.0,6.0,2.0,14.0,0.0,0.0,0.0,2.0,0.0,5.0,5.0,6.0,12.0,2.0,4.0,7.0,7.0,1.0,4.0,10.0,1.0,1.0,0.29,0.12,0.35,0.0,0.0,0.0,16.63,12.0,13.8,3.0,0.2,0.0,0.0,0.96,1.11,1.1
847938584816568484999,2026,Protas-Protas-Kyrou,WSH,line,5on5,2,871.0,6.0,0.75,0.61,0.68,13.98,1.04,1.15,2.55,0.03,6.78,7.46,0.97,1.14,1.07,11.0,8.0,1.0,20.0,1.0,3.0,0.0,1.0,0.0,8.0,6.0,10.0,18.0,1.0,2.0,7.0,2.0,0.0,5.0,15.0,4.0,0.0,0.47,0.57,0.0,0.0,1.0,0.0,22.3,19.0,20.67,3.0,0.23,0.42,0.42,0.85,0.95,0.89,6.28,0.34,0.58,1.38,0.01,2.98,3.7,0.34,0.34,0.34,6.0,3.0,4.0,13.0,0.0,0.0,0.0,0.0,0.0,5.0,4.0,6.0,9.0,0.0,0.0,9.0,8.0,1.0,2.0,8.0,1.0,0.0,0.2,0.14,0.0,0.0,0.0,0.0,12.87,9.0,8.84,0.0,0.12,0.0,0.0,0.46,0.45,0.45
847749684779568482175,2026,Pastrnak-Lindholm-Peterka,BOS,line,5on5,3,1982.0,5.0,0.5,0.52,0.57,21.29,1.13,2.27,3.79,0.06,10.99,10.76,1.12,1.12,1.11,18.0,11.0,8.0,37.0,1.0,5.0,0.0,5.0,0.0,4.0,14.0,17.0,28.0,3.0,6.0,24.0,12.0,1.0,15.0,25.0,4.0,0.0,0.69,0.44,0.0,0.0,1.0,0.0,36.75,29.0,28.77,7.0,0.47,0.14,0.14,1.46,1.45,1.44,16.22,1.11,1.89,2.52,0.05,8.12,8.3,1.08,1.11,1.08,14.0,8.0,12.0,34.0,1.0,3.0,0.0,4.0,0.0,8.0,6.0,13.0,21.0,1.0,2.0,13.0,15.0,2.0,13.0,17.0,5.0,0.0,0.6,0.51,0.0,1.0,0.0,0.0,33.44,22.0,21.69,1.0,0.4,0.14,0.14,1.37,1.36,1.33
847847284793688482703,2026,Jones-Dach-Joseph,EDM,line,5on5,1,609.0,3.0,0.41,0.41,0.5,4.27,0.27,0.38,0.75,0.01,2.29,2.29,0.27,0.26,0.25,3.0,3.0,1.0,7.0,0.0,1.0,0.0,1.0,0.0,3.0,1.0,3.0,6.0,1.0,2.0,6.0,13.0,2.0,4.0,5.0,1.0,0.0,0.12,0.15,0.0,0.0,0.0,0.0,6.51,6.0,5.55,2.0,0.08,0.04,0.04,0.31,0.29,0.29,4.4,0.39,0.34,0.83,0.01,2.02,2.4,0.39,0.43,0.43,5.0,1.0,4.0,10.0,1.0,0.0,0.0,1.0,0.0,0.0,4.0,4.0,5.0,2.0,4.0,5.0,3.0,0.0,2.0,5.0,0.0,1.0,0.13,0.0,0.26,0.0,0.0,1.0,10.86,6.0,6.38,1.0,0.07,0.0,0.0,0.46,0.5,0.5
847692784795208480870,2026,Duhaime-Blueger-Groulx,TOR,line,5on5,2,685.0,7.0,0.12,0.33,0.4,3.88,0.2,0.38,0.75,0.01,2.31,2.35,0.2,0.2,0.2,4.0,2.0,1.0,7.0,0.0,0.0,0.0,1.0,0.0,4.0,1.0,4.0,6.0,0.0,0.0,7.0,12.0,0.0,6.0,6.0,0.0,0.0,0.2,0.0,0.0,0.0,0.0,0.0,7.1,6.0,6.06,2.0,0.08,0.0,0.0,0.28,0.28,0.28,7.05,1.46,0.61,1.01,0.02,2.7,3.19,1.06,1.53,1.1,7.0,2.0,5.0,14.0,0.0,1.0,0.0,2.0,0.0,5.0,1.0,7.0,9.0,0.0,0.0,3.0,8.0,1.0,3.0,6.0,0.0,3.0,0.12,0.0,1.34,0.0,0.0,0.0,13.78,9.0,8.89,0.0,0.13,0.89,0.89,0.7,0.72,0.66
848102884836098484958,2026,Tsyplakov-Pospisil-Klapka,CGY,line,5on5,3,1290.0,12.0,0.47,0.61,0.62,15.63,0.71,1.72,3.09,0.04,7.74,7.7,0.67,0.69,0.65,11.0,10.0,9.0,30.0,0.0,4.0,0.0,1.0,0.0,9.0,7.0,11.0,21.0,4.0,11.0,8.0,21.0,0.0,7.0,20.0,1.0,0.0,0.61,0.1,0.0,0.0,0.0,0.0,27.92,21.0,20.19,4.0,0.35,0.15,0.15,0.91,0.88,0.85,9.4,0.81,0.97,1.6,0.02,4.84,4.77,0.8,0.85,0.84,7.0,6.0,6.0,19.0,1.0,0.0,0.0,0.0,0.0,5.0,7.0,6.0,12.0,1.0,5.0,13.0,15.0,1.0,8.0,9.0,4.0,0.0,0.32,0.49,0.0,0.0,1.0,0.0,20.97,13.0,13.96,4.0,0.2,0.0,0.0,1.01,1.07,1.06
84740138483506,2026,Cole-Rinzel,CHI,pairing,5on5,2,1141.0,6.0,0.32,0.42,0.37,7.42,0.51,0.73,1.52,0.02,3.53,3.69,0.51,0.51,0.51,6.0,4.0,5.0,15.0,0.0,1.0,0.0,1.0,0.0,6.0,2.0,6.0,10.0,2.0,7.0,5.0,6.0,0.0,6.0,7.0,3.0,0.0,0.17,0.34,0.0,0.0,0.0,0.0,14.3,10.0,9.77,3.0,0.15,0.01,0.01,0.64,0.64,0.64,11.93,1.09,1.21,1.98,0.04,6.41,6.26,1.04,1.09,1.04,9.0,8.0,4.0,21.0,1.0,1.0,1.0,1.0,0.0,6.0,8.0,8.0,16.0,3.0,9.0,12.0,14.0,2.0,7.0,11.0,5.0,1.0,0.42,0.46,0.21,0.0,0.0,1.0,21.8,17.0,17.44,4.0,0.25,0.21,0.21,1.13,1.12,1.09
847531484826998483431,2026,Lee-Cooley-Guenther,UTA,line,5on5,3,1727.0,7.0,0.66,0.63,0.64,23.94,2.23,2.46,4.4,0.07,11.71,11.14,2.12,2.28,2.17,18.0,14.0,13.0,45.0,2.0,1.0,0.0,3.0,0.0,13.0,13.0,16.0,30.0,3.0,6.0,14.0,11.0,3.0,7.0,20.0,10.0,2.0,0.63,1.15,0.46,0.0,2.0,0.0,47.22,32.0,33.21,2.0,0.51,0.03,0.03,2.71,2.78,2.62,13.06,1.16,1.2,2.41,0.03,6.54,6.66,1.15,1.1,1.1,9.0,9.0,9.0,27.0,1.0,1.0,0.0,3.0,0.0,10.0,3.0,8.0,17.0,4.0,8.0,11.0,13.0,5.0,10.0,11.0,7.0,0.0,0.19,0.97,0.0,1.0,0.0,0.0,25.76,18.0,17.43,6.0,0.25,0.01,0.01,1.4,1.33,1.32
84745688484798,2026,Buium-Schenn,VAN,pairing,5on5,3,700.0,17.0,0.52,0.54,0.58,8.24,0.82,0.85,1.41,0.02,3.85,4.04,0.76,0.73,0.68,6.0,5.0,3.0,14.0,1.0,1.0,1.0,2.0,0.0,2.0,5.0,5.0,10.0,2.0,4.0,7.0,3.0,1.0,5.0,8.0,1.0,2.0,0.17,0.18,0.47,0.0,0.0,1.0,12.54,11.0,10.02,2.0,0.18,0.21,0.21,0.79,0.71,0.66,6.38,0.77,0.61,0.86,0.01,2.69,3.05,0.77,0.83,0.82,4.0,4.0,4.0,12.0,0.0,0.0,0.0,0.0,0.0,5.0,3.0,4.0,8.0,1.0,2.0,3.0,9.0,0.0,5.0,4.0,3.0,1.0,0.09,0.45,0.23,0.0,0.0,0.0,12.79,8.0,8.5,1.0,0.13,0.0,0.0,0.9,0.97,0.96
84757648478443,2026,Fowler-Carlo,STL,pairing,5on5,2,867.0,5.0,0.75,0.68,0.67,9.11,0.74,0.82,1.73,0.02,4.56,4.13,0.73,0.75,0.75,9.0,3.0,3.0,15.0,0.0,1.0,0.0,3.0,0.0,6.0,2.0,9.0,12.0,2.0,7.0,4.0,6.0,0.0,4.0,8.0,4.0,0.0,0.17,0.56,0.0,0.0,0.0,0.0,15.02,12.0,12.08,3.0,0.17,0.18,0.0,0.9,0.92,0.91,4.55,0.24,0.44,0.95,0.01,2.14,2.21,0.24,0.22,0.22,4.0,2.0,1.0,7.0,0.0,1.0,0.0,2.0,0.0,2.0,1.0,4.0,6.0,1.0,2.0,9.0,4.0,1.0,4.0,5.0,1.0,0.0,0.09,0.16,0.0,0.0,0.0,0.0,6.34,6.0,5.44,0.0,0.1,0.02,0.02,0.32,0.3,0.29
84774958478859,2026,Mikkola-Jones,FLA,pairing,5on5,3,2588.0,4.0,0.71,0.6,0.56,17.52,1.59,1.65,3.08,0.06,8.16,8.46,1.51,1.66,1.58,12.0,11.0,12.0,35.0,0.0,2.0,0.0,4.0,0.0,11.0,6.0,12.0,23.0,5.0,16.0,21.0,28.0,4.0,7.0,14.0,8.0,1.0,0.24,1.13,0.23,0.0,0.0,0.0,35.14,23.0,23.21,4.0,0.34,0.31,0.31,1.62,1.69,1.67,13.44,0.66,1.36,2.11,0.04,6.69,7.14,0.66,0.64,0.64,12.0,6.0,5.0,23.0,0.0,1.0,0.0,3.0,0.0,6.0,8.0,12.0,18.0,5.0,16.0,21.0,30.0,2.0,14.0,16.0,2.0,0.0,0.45,0.21,0.0,0.0,0.0,0.0,23.06,18.0,18.07,4.0,0.28,0.02,0.02,0.92,0.9,0.89
84799838482459,2026,Ferraro-Bauer,WPG,pairing,5on5,2,723.0,7.0,0.19,0.42,0.46,4.15,0.08,0.37,0.93,0.0,2.2,2.43,0.08,0.08,0.08,4.0,2.0,2.0,8.0,0.0,0.0,0.0,1.0,0.0,2.0,3.0,4.0,6.0,4.0,11.0,7.0,6.0,0.0,4.0,6.0,0.0,0.0,0.08,0.0,0.0,0.0,0.0,0.0,8.55,6.0,6.21,2.0,0.07,0.0,0.0,0.15,0.15,0.15,5.49,0.33,0.62,0.81,0.01,2.75,2.47,0.33,0.3,0.3,3.0,4.0,4.0,11.0,0.0,0.0,0.0,2.0,1.0,3.0,1.0,3.0,7.0,4.0,11.0,5.0,11.0,1.0,5.0,6.0,1.0,0.0,0.2,0.13,0.0,0.0,0.0,0.0,9.91,7.0,6.46,1.0,0.13,0.0,0.0,0.46,0.42,0.42
848002884826798484860,2026,Gridin-Frost-Coronato,CGY,line,5on5,2,1264.0,4.0,0.49,0.63,0.62,16.75,1.25,1.78,2.94,0.04,8.29,8.7,1.21,1.22,1.18,12.0,11.0,15.0,38.0,0.0,2.0,0.0,3.0,1.0,9.0,8.0,12.0,23.0,2.0,4.0,19.0,2.0,2.0,6.0,16.0,7.0,0.0,0.4,0.84,0.0,0.0,0.0,0.0,36.74,23.0,22.4,3.0,0.37,0.12,0.12,1.5,1.47,1.44,9.58,1.31,0.93,1.64,0.03,4.64,5.44,1.28,1.35,1.32,12.0,2.0,8.0,22.0,3.0,1.0,1.0,2.0,0.0,6.0,2.0,9.0,11.0,1.0,2.0,9.0,13.0,0.0,4.0,6.0,7.0,1.0,0.18,0.74,0.39,0.0,2.0,1.0,22.91,14.0,14.83,2.0,0.19,0.39,0.39,1.11,1.17,1.17
84780388480069,2026,Toews-Makar,COL,pairing,5on5,2,1119.0,2.0,0.66,0.44,0.48,9.67,1.0,0.9,1.46,0.02,4.56,5.05,0.99,1.02,1.01,8.0,5.0,4.0,17.0,1.0,1.0,0.0,3.0,0.0,5.0,3.0,7.0,12.0,3.0,9.0,13.0,6.0,1.0,3.0,6.0,7.0,0.0,0.1,0.9,0.0,0.0,1.0,0.0,18.42,13.0,13.56,1.0,0.19,0.17,0.17,1.02,1.04,1.04,9.89,0.52,0.95,1.68,0.02,5.46,5.37,0.52,0.53,0.53,10.0,4.0,8.0,22.0,0.0,0.0,0.0,4.0,0.0,4.0,6.0,10.0,14.0,3.0,9.0,16.0,1.0,4.0,3.0,12.0,2.0,0.0,0.34,0.18,0.0,0.0,0.0,0.0,21.1,14.0,13.7,0.0,0.2,0.0,0.0,0.72,0.72,0.72
847745684780428484471,2026,Compher-Finnie-Arvidsson,DET,line,5on5,2,631.0,12.0,0.29,0.47,0.67,4.3,0.17,0.46,0.81,0.01,2.39,2.16,0.17,0.16,0.16,5.0,1.0,1.0,7.0,0.0,0.0,0.0,1.0,0.0,4.0,1.0,5.0,6.0,1.0,2.0,4.0,4.0,0.0,1.0,5.0,1.0,0.0,0.09,0.09,0.0,0.0,0.0,0.0,6.28,6.0,5.42,1.0,0.1,0.0,0.0,0.27,0.24,0.24,2.46,0.42,0.35,0.33,0.01,0.95,0.94,0.42,0.46,0.46,3.0,0.0,5.0,8.0,0.0,0.0,0.0,1.0,0.0,2.0,0.0,3.0,3.0,1.0,2.0,8.0,2.0,1.0,4.0,1.0,1.0,1.0,0.06,0.13,0.23,0.0,0.0,0.0,8.82,3.0,3.3,2.0,0.07,0.0,0.0,0.49,0.54,0.54
847847284800298486161,2026,Formenton-Michaels-Joseph,EDM,line,5on5,2,1211.0,4.0,0.31,0.32,0.39,6.75,0.43,0.73,1.04,0.01,3.4,3.38,0.4,0.47,0.44,7.0,2.0,2.0,11.0,2.0,1.0,0.0,0.0,0.0,2.0,4.0,5.0,7.0,0.0,0.0,10.0,11.0,3.0,11.0,7.0,1.0,1.0,0.12,0.09,0.21,1.0,0.0,1.0,11.78,9.0,9.69,7.0,0.15,0.01,0.01,0.56,0.61,0.58,10.47,0.97,1.11,1.74,0.02,5.34,4.82,0.92,0.91,0.86,10.0,4.0,9.0,23.0,2.0,2.0,0.0,2.0,0.0,6.0,2.0,8.0,12.0,1.0,2.0,13.0,11.0,2.0,6.0,9.0,3.0,2.0,0.13,0.37,0.47,1.0,1.0,0.0,21.63,14.0,13.42,0.0,0.23,0.02,0.02,1.19,1.12,1.06
84764678479425,2026,Oleksiak-Hronek,VAN,pairing,5on5,4,701.0,22.0,0.57,0.54,0.56,3.65,0.44,0.42,0.61,0.01,1.78,1.74,0.42,0.4,0.38,4.0,1.0,2.0,7.0,1.0,0.0,0.0,0.0,0.0,3.0,1.0,3.0,4.0,0.0,0.0,4.0,6.0,1.0,6.0,3.0,1.0,1.0,0.14,0.1,0.2,0.0,1.0,0.0,6.37,5.0,4.66,2.0,0.09,0.0,0.0,0.53,0.48,0.46,3.26,0.34,0.39,0.46,0.01,1.43,1.37,0.34,0.35,0.35,2.0,2.0,2.0,6.0,0.0,0.0,0.0,0.0,0.0,2.0,2.0,2.0,4.0,0.0,0.0,2.0,2.0,1.0,6.0,2.0,2.0,0.0,0.09,0.25,0.0,0.0,0.0,0.0,6.16,4.0,4.06,2.0,0.08,0.0,0.0,0.42,0.43,0.43
848101384820898484164,2026,Neighbours-Dvorsky-Berggren,STL,line,5on5,2,716.0,6.0,0.25,0.3,0.26,3.86,0.34,0.37,0.58,0.01,1.65,2.06,0.34,0.34,0.34,4.0,1.0,3.0,8.0,1.0,0.0,0.0,0.0,0.0,3.0,1.0,3.0,4.0,0.0,0.0,6.0,5.0,0.0,4.0,3.0,2.0,0.0,0.08,0.26,0.0,0.0,1.0,0.0,7.78,5.0,4.93,2.0,0.08,0.0,0.0,0.42,0.42,0.42,10.51,1.02,1.22,1.56,0.03,4.93,5.25,1.01,0.99,0.97,11.0,3.0,5.0,19.0,2.0,2.0,0.0,1.0,0.0,3.0,6.0,9.0,12.0,0.0,0.0,8.0,6.0,0.0,4.0,10.0,3.0,1.0,0.34,0.45,0.22,1.0,1.0,0.0,18.87,14.0,13.49,2.0,0.26,0.09,0.09,1.19,1.16,1.14
848002884810688482679,2026,Sharangovich-Frost-Coronato,CGY,line,5on5,1,795.0,1.0,0.48,0.73,0.65,9.66,0.43,1.02,1.87,0.02,4.67,5.0,0.42,0.41,0.41,9.0,4.0,9.0,22.0,0.0,1.0,0.0,1.0,0.0,5.0,6.0,9.0,13.0,0.0,0.0,11.0,5.0,1.0,3.0,12.0,1.0,0.0,0.31,0.12,0.0,0.0,0.0,0.0,20.11,13.0,12.49,0.0,0.21,0.03,0.03,0.61,0.59,0.59,5.0,0.45,0.62,0.81,0.01,2.56,2.54,0.45,0.47,0.46,4.0,3.0,1.0,8.0,0.0,1.0,0.0,2.0,0.0,3.0,1.0,4.0,7.0,2.0,4.0,7.0,4.0,2.0,8.0,5.0,2.0,0.0,0.2,0.25,0.0,0.0,0.0,0.0,8.79,7.0,7.26,4.0,0.13,0.04,0.04,0.55,0.56,0.56
848161884835158484984,2026,Slafkovsk-Newhook-Demidov,MTL,line,5on5,2,1070.0,4.0,0.68,0.64,0.5,5.02,0.31,0.53,0.78,0.02,2.47,2.9,0.31,0.34,0.34,4.0,3.0,7.0,14.0,0.0,0.0,0.0,1.0,0.0,2.0,4.0,4.0,7.0,2.0,4.0,11.0,10.0,3.0,7.0,5.0,2.0,0.0,0.13,0.18,0.0,0.0,0.0,0.0,14.68,7.0,7.42,3.0,0.11,0.0,0.0,0.43,0.46,0.45,5.33,0.15,0.47,1.1,0.01,2.5,2.78,0.14,0.14,0.14,6.0,1.0,1.0,8.0,0.0,1.0,0.0,1.0,0.0,4.0,1.0,6.0,7.0,1.0,2.0,6.0,4.0,2.0,4.0,7.0,0.0,0.0,0.15,0.0,0.0,0.0,0.0,0.0,7.83,7.0,6.96,2.0,0.1,0.03,0.04,0.2,0.2,0.19
847458684769058482259,2026,Mcmann-Stephenson-Eberle,SEA,line,5on5,3,1968.0,6.0,0.65,0.54,0.64,25.81,2.17,2.65,4.65,0.07,11.85,12.6,2.16,2.36,2.34,22.0,12.0,5.0,39.0,3.0,1.0,0.0,7.0,0.0,12.0,11.0,19.0,31.0,1.0,2.0,22.0,15.0,4.0,15.0,25.0,8.0,1.0,0.79,1.03,0.35,1.0,2.0,0.0,43.18,34.0,36.35,10.0,0.55,0.16,0.16,2.56,2.78,2.77,13.35,1.19,1.38,2.46,0.04,6.96,6.98,1.18,1.15,1.14,9.0,10.0,14.0,33.0,0.0,0.0,0.0,3.0,0.0,6.0,10.0,9.0,19.0,0.0,0.0,16.0,13.0,5.0,11.0,12.0,7.0,0.0,0.23,0.95,0.0,0.0,0.0,0.0,30.88,19.0,18.34,4.0,0.29,0.0,0.0,1.47,1.43,1.42
84764738478013,2026,Walman-Murphy,EDM,pairing,5on5,3,692.0,20.0,0.41,0.36,0.47,5.16,0.42,0.43,1.03,0.01,2.69,2.42,0.4,0.39,0.37,5.0,2.0,1.0,8.0,0.0,0.0,0.0,2.0,0.0,3.0,2.0,5.0,7.0,0.0,0.0,5.0,12.0,1.0,4.0,4.0,3.0,0.0,0.06,0.36,0.0,0.0,0.0,0.0,7.3,7.0,6.45,1.0,0.09,0.0,0.0,0.5,0.47,0.45,6.01,0.59,0.56,0.98,0.01,3.07,2.78,0.59,0.64,0.64,7.0,1.0,6.0,14.0,1.0,0.0,0.0,0.0,0.0,2.0,5.0,6.0,7.0,1.0,2.0,5.0,4.0,0.0,5.0,5.0,2.0,1.0,0.12,0.21,0.26,0.0,0.0,1.0,15.16,8.0,8.52,2.0,0.11,0.0,0.0,0.7,0.76,0.76
847841484800028482146,2026,Meier-Hischier-Evangelista,NJD,line,5on5,2,1046.0,4.0,0.79,0.71,0.7,10.5,1.06,0.93,2.04,0.04,4.82,5.1,1.02,1.02,0.98,7.0,7.0,6.0,20.0,1.0,1.0,0.0,1.0,0.0,6.0,5.0,6.0,13.0,1.0,2.0,9.0,9.0,1.0,3.0,9.0,4.0,1.0,0.17,0.59,0.3,0.0,1.0,0.0,18.55,14.0,13.33,2.0,0.19,0.13,0.13,1.13,1.08,1.07,4.49,0.29,0.4,0.77,0.01,2.23,2.3,0.29,0.3,0.3,5.0,1.0,2.0,8.0,0.0,0.0,0.0,2.0,0.0,1.0,3.0,5.0,6.0,2.0,4.0,13.0,8.0,4.0,5.0,5.0,1.0,0.0,0.13,0.16,0.0,0.0,0.0,0.0,8.47,6.0,6.27,3.0,0.08,0.0,0.0,0.37,0.39,0.39
84745748483425,2026,Bichsel-Myers,DAL,pairing,5on5,2,1421.0,5.0,0.5,0.49,0.48,10.61,0.77,1.1,1.98,0.02,5.05,5.08,0.74,0.72,0.69,9.0,5.0,8.0,22.0,0.0,2.0,0.0,2.0,0.0,4.0,6.0,9.0,14.0,2.0,7.0,12.0,16.0,0.0,1.0,9.0,5.0,0.0,0.17,0.59,0.0,0.0,0.0,0.0,20.53,14.0,13.28,0.0,0.22,0.12,0.12,0.87,0.81,0.78,10.71,0.77,1.1,1.96,0.02,5.41,5.73,0.74,0.8,0.77,9.0,6.0,8.0,23.0,0.0,1.0,0.0,3.0,1.0,4.0,6.0,9.0,15.0,2.0,7.0,9.0,8.0,1.0,6.0,13.0,1.0,1.0,0.42,0.1,0.25,0.0,0.0,0.0,24.48,15.0,15.86,2.0,0.23,0.04,0.04,0.96,0.99,0.96
84764418482730,2026,Edmundson-Clarke,LAK,pairing,5on5,2,677.0,20.0,0.76,0.5,0.7,5.55,0.48,0.65,0.93,0.01,2.52,2.4,0.48,0.47,0.47,5.0,2.0,2.0,9.0,0.0,0.0,0.0,0.0,0.0,3.0,4.0,5.0,7.0,3.0,9.0,8.0,5.0,3.0,2.0,4.0,3.0,0.0,0.11,0.37,0.0,0.0,0.0,0.0,8.5,7.0,6.7,1.0,0.14,0.0,0.0,0.62,0.61,0.61,2.52,0.15,0.29,0.35,0.0,1.05,1.15,0.15,0.16,0.16,1.0,2.0,6.0,9.0,0.0,0.0,0.0,0.0,0.0,2.0,1.0,1.0,3.0,3.0,9.0,4.0,1.0,0.0,4.0,2.0,1.0,0.0,0.02,0.13,0.0,0.0,0.0,0.0,9.45,3.0,3.13,2.0,0.06,0.0,0.0,0.21,0.22,0.22
847749784775018481716,2026,Voronkov-Monahan-Nichushkin,CBJ,line,5on5,2,681.0,8.0,0.06,0.13,0.11,0.82,0.02,0.1,0.08,0.0,0.46,0.35,0.02,0.02,0.02,1.0,0.0,1.0,2.0,0.0,0.0,0.0,1.0,0.0,0.0,0.0,1.0,1.0,1.0,2.0,4.0,5.0,1.0,1.0,1.0,0.0,0.0,0.02,0.0,0.0,0.0,0.0,0.0,1.94,1.0,0.97,1.0,0.02,0.0,0.0,0.04,0.04,0.04,5.98,0.29,0.53,1.1,0.01,2.92,3.15,0.29,0.3,0.3,4.0,4.0,5.0,13.0,1.0,0.0,0.0,1.0,0.0,5.0,1.0,3.0,7.0,0.0,0.0,10.0,8.0,0.0,5.0,7.0,1.0,0.0,0.14,0.15,0.0,1.0,0.0,0.0,13.84,8.0,8.43,2.0,0.11,0.0,0.0,0.4,0.42,0.42
847844484810328483499,2026,Ohgren-Cotter-Boeser,VAN,line,5on5,3,1395.0,5.0,0.24,0.35,0.33,8.28,0.57,0.77,1.49,0.02,4.14,4.01,0.55,0.52,0.5,6.0,5.0,5.0,16.0,2.0,3.0,0.0,0.0,0.0,2.0,4.0,4.0,9.0,1.0,2.0,12.0,11.0,0.0,11.0,8.0,3.0,0.0,0.16,0.41,0.0,1.0,1.0,0.0,14.48,11.0,10.13,8.0,0.16,0.17,0.17,0.56,0.51,0.5,17.68,1.78,1.76,2.6,0.04,7.3,8.52,1.74,1.9,1.85,18.0,4.0,8.0,30.0,1.0,2.0,1.0,3.0,0.0,10.0,6.0,17.0,21.0,1.0,2.0,12.0,10.0,0.0,8.0,13.0,8.0,1.0,0.4,1.07,0.31,0.0,0.0,1.0,32.27,22.0,23.33,3.0,0.37,0.42,0.42,1.73,1.83,1.81
84818068482671,2026,Power-Crevier,BUF,pairing,5on5,2,859.0,6.0,0.72,0.63,0.68,11.43,1.13,1.09,1.88,0.03,5.19,5.69,1.07,1.12,1.06,13.0,2.0,2.0,17.0,1.0,2.0,0.0,3.0,0.0,6.0,3.0,12.0,14.0,0.0,0.0,4.0,5.0,0.0,7.0,10.0,4.0,1.0,0.36,0.54,0.23,0.0,1.0,0.0,16.6,15.0,14.66,5.0,0.23,0.07,0.07,1.28,1.27,1.21,5.24,0.44,0.41,1.17,0.01,2.27,2.69,0.44,0.44,0.44,3.0,4.0,3.0,10.0,1.0,0.0,0.0,1.0,0.0,2.0,3.0,2.0,6.0,1.0,2.0,8.0,8.0,2.0,7.0,5.0,1.0,1.0,0.1,0.1,0.24,0.0,0.0,1.0,10.16,7.0,7.14,4.0,0.08,0.0,0.0,0.53,0.53,0.53
84784608483485,2026,Werenski-Mateychuk,CBJ,pairing,5on5,2,2120.0,2.0,0.65,0.53,0.53,15.71,1.69,1.59,2.74,0.04,7.31,7.63,1.69,1.58,1.57,13.0,8.0,9.0,30.0,1.0,1.0,0.0,7.0,0.0,6.0,6.0,12.0,20.0,4.0,11.0,26.0,14.0,7.0,8.0,13.0,6.0,2.0,0.35,0.9,0.44,0.0,0.0,1.0,28.28,21.0,20.05,5.0,0.33,0.01,0.01,2.02,1.89,1.88,14.53,0.91,1.36,2.25,0.03,7.12,7.33,0.9,0.95,0.93,14.0,5.0,8.0,27.0,0.0,1.0,0.0,2.0,0.0,7.0,9.0,14.0,19.0,3.0,9.0,21.0,17.0,2.0,16.0,15.0,3.0,1.0,0.31,0.38,0.23,0.0,0.0,0.0,28.59,19.0,19.72,9.0,0.28,0.02,0.02,1.18,1.23,1.21
847639984784938481557,2026,Coleman-Eriksson Ek-Boldy,MIN,line,5on5,2,928.0,5.0,0.47,0.44,0.43,9.36,0.79,0.96,1.62,0.03,4.66,4.94,0.78,0.8,0.79,7.0,6.0,1.0,14.0,0.0,0.0,0.0,2.0,0.0,6.0,5.0,7.0,13.0,2.0,4.0,5.0,5.0,1.0,3.0,8.0,5.0,0.0,0.17,0.62,0.0,0.0,0.0,0.0,14.45,13.0,13.32,1.0,0.2,0.0,0.0,0.98,1.0,0.99,13.1,0.9,1.37,1.96,0.03,6.34,6.4,0.88,0.89,0.88,11.0,6.0,1.0,18.0,0.0,3.0,0.0,1.0,0.0,9.0,4.0,11.0,17.0,0.0,0.0,11.0,12.0,3.0,8.0,13.0,4.0,0.0,0.34,0.55,0.0,0.0,0.0,0.0,17.48,17.0,16.67,3.0,0.29,0.09,0.09,1.1,1.1,1.09
848102484820558484136,2026,O'Connor-Sasson-Karlsson,VAN,line,5on5,2,844.0,9.0,0.33,0.31,0.36,6.18,0.35,0.6,1.1,0.01,2.58,3.37,0.34,0.38,0.38,5.0,3.0,1.0,9.0,1.0,0.0,0.0,0.0,0.0,3.0,4.0,4.0,7.0,1.0,2.0,9.0,2.0,1.0,6.0,6.0,2.0,0.0,0.11,0.24,0.0,0.0,1.0,0.0,9.94,8.0,8.71,1.0,0.13,0.0,0.0,0.47,0.52,0.51,10.55,0.72,1.08,1.9,0.02,5.18,5.1,0.71,0.72,0.72,11.0,3.0,6.0,20.0,3.0,2.0,0.0,0.0,0.0,6.0,3.0,8.0,11.0,0.0,0.0,10.0,10.0,0.0,5.0,10.0,4.0,0.0,0.12,0.59,0.0,2.0,1.0,0.0,19.6,14.0,13.73,4.0,0.23,0.14,0.14,0.8,0.82,0.82
847637484796618480355,2026,Jeannot-Kuraly-Kastelic,BOS,line,5on5,3,1404.0,11.0,0.49,0.42,0.43,8.92,0.51,0.78,1.74,0.02,4.35,4.6,0.51,0.51,0.51,6.0,6.0,6.0,18.0,1.0,0.0,0.0,3.0,1.0,5.0,2.0,5.0,11.0,2.0,4.0,17.0,17.0,1.0,7.0,9.0,3.0,0.0,0.14,0.37,0.0,0.0,1.0,0.0,17.92,12.0,12.07,3.0,0.16,0.0,0.0,0.68,0.68,0.67,11.41,0.54,1.21,2.58,0.03,5.94,5.7,0.52,0.54,0.52,14.0,2.0,9.0,25.0,1.0,1.0,0.0,6.0,0.0,5.0,3.0,13.0,15.0,3.0,6.0,13.0,19.0,1.0,6.0,16.0,0.0,0.0,0.54,0.0,0.0,1.0,0.0,0.0,25.16,16.0,15.93,1.0,0.25,0.03,0.03,0.76,0.76,0.72
84815938482964,2026,Struble-Xhekaj,MTL,pairing,5on5,2,746.0,9.0,0.64,0.67,0.7,5.16,0.46,0.44,0.89,0.01,2.42,2.78,0.46,0.48,0.48,4.0,3.0,3.0,10.0,2.0,0.0,0.0,0.0,0.0,2.0,3.0,2.0,5.0,0.0,0.0,4.0,16.0,1.0,3.0,5.0,2.0,0.0,0.15,0.31,0.0,1.0,1.0,0.0,10.46,7.0,7.28,2.0,0.09,0.0,0.0,0.55,0.58,0.57,2.3,0.26,0.26,0.43,0.01,1.03,1.01,0.26,0.24,0.24,1.0,2.0,2.0,5.0,0.0,0.0,0.0,1.0,0.0,1.0,1.0,1.0,3.0,1.0,2.0,2.0,5.0,1.0,5.0,2.0,1.0,0.0,0.07,0.19,0.0,0.0,0.0,0.0,4.54,3.0,2.75,3.0,0.05,0.0,0.0,0.31,0.29,0.29
847645884810688482074,2026,Zary-Strome-Sharangovich,CGY,line,5on5,1,654.0,1.0,0.53,0.65,0.56,6.74,0.74,0.65,1.02,0.02,2.83,3.73,0.72,0.67,0.65,6.0,3.0,6.0,15.0,1.0,0.0,0.0,1.0,0.0,4.0,3.0,5.0,8.0,0.0,0.0,4.0,2.0,0.0,6.0,5.0,4.0,0.0,0.18,0.56,0.0,1.0,0.0,0.0,13.05,9.0,8.01,1.0,0.14,0.0,0.0,0.88,0.79,0.77,5.57,0.66,0.76,0.85,0.02,2.38,2.33,0.63,0.75,0.72,5.0,2.0,1.0,8.0,2.0,2.0,1.0,0.0,0.0,1.0,2.0,3.0,5.0,1.0,2.0,7.0,2.0,1.0,1.0,3.0,4.0,0.0,0.08,0.57,0.0,1.0,1.0,0.0,9.54,7.0,8.11,1.0,0.16,0.2,0.2,0.62,0.71,0.69
84803368480817,2026,Miller-Walker,CAR,pairing,5on5,3,2563.0,5.0,0.43,0.52,0.48,17.16,1.71,1.57,3.12,0.04,7.56,9.0,1.68,1.71,1.69,14.0,9.0,14.0,37.0,0.0,1.0,0.0,2.0,0.0,12.0,8.0,14.0,23.0,5.0,13.0,21.0,26.0,2.0,12.0,14.0,7.0,2.0,0.5,0.74,0.46,0.0,0.0,0.0,35.86,23.0,22.58,4.0,0.32,0.09,0.09,1.95,1.94,1.92,18.3,2.23,1.9,3.05,0.05,8.74,9.03,2.12,2.34,2.22,18.0,7.0,9.0,34.0,3.0,3.0,0.0,2.0,0.0,9.0,8.0,15.0,22.0,5.0,13.0,16.0,28.0,4.0,10.0,14.0,10.0,1.0,0.54,1.34,0.35,0.0,3.0,0.0,36.34,25.0,26.35,4.0,0.39,0.51,0.51,2.11,2.24,2.16
84751798475462,2026,Kulikov-Gudas,FLA,pairing,5on5,3,803.0,11.0,0.65,0.67,0.69,7.8,0.63,0.94,1.2,0.02,3.98,4.22,0.63,0.65,0.65,6.0,5.0,3.0,14.0,1.0,1.0,0.0,0.0,0.0,3.0,6.0,5.0,10.0,4.0,8.0,2.0,19.0,1.0,7.0,9.0,2.0,0.0,0.36,0.27,0.0,1.0,0.0,0.0,14.18,11.0,11.06,1.0,0.2,0.01,0.01,0.82,0.84,0.84,3.74,0.34,0.34,0.68,0.01,1.45,2.19,0.34,0.33,0.33,4.0,1.0,2.0,7.0,0.0,0.0,0.0,0.0,0.0,2.0,3.0,4.0,5.0,3.0,6.0,5.0,14.0,0.0,6.0,3.0,2.0,0.0,0.04,0.3,0.0,0.0,0.0,0.0,7.0,5.0,5.01,4.0,0.07,0.0,0.0,0.41,0.4,0.4
847936584834558484509,2026,Howard-Samanski-Frederic,EDM,line,5on5,2,641.0,8.0,0.68,0.5,0.44,2.87,0.57,0.33,0.43,0.01,1.27,1.38,0.53,0.63,0.58,3.0,1.0,4.0,8.0,1.0,1.0,1.0,0.0,0.0,2.0,0.0,2.0,3.0,3.0,9.0,5.0,7.0,1.0,4.0,1.0,2.0,1.0,0.04,0.26,0.26,0.0,0.0,1.0,8.6,4.0,4.26,2.0,0.07,0.26,0.26,0.38,0.41,0.4,4.16,0.27,0.49,0.66,0.01,1.75,1.83,0.26,0.25,0.25,5.0,0.0,3.0,8.0,1.0,2.0,1.0,1.0,0.0,0.0,1.0,4.0,4.0,1.0,5.0,9.0,8.0,0.0,5.0,4.0,1.0,0.0,0.16,0.11,0.0,1.0,0.0,0.0,7.11,5.0,4.54,2.0,0.1,0.09,0.09,0.27,0.27,0.26
84793248482866,2026,Lindgren-Ottavainen,SEA,pairing,5on5,1,913.0,3.0,0.54,0.42,0.5,7.64,0.77,0.84,1.38,0.03,3.93,4.04,0.77,0.8,0.79,5.0,6.0,2.0,13.0,1.0,1.0,0.0,1.0,0.0,3.0,5.0,4.0,10.0,3.0,6.0,9.0,3.0,0.0,7.0,7.0,4.0,0.0,0.25,0.52,0.0,0.0,1.0,0.0,14.45,11.0,11.47,4.0,0.18,0.08,0.08,0.87,0.9,0.89,8.14,0.66,0.96,1.21,0.02,3.8,4.36,0.65,0.63,0.63,6.0,5.0,7.0,18.0,0.0,2.0,0.0,1.0,0.0,5.0,3.0,6.0,11.0,0.0,0.0,7.0,12.0,2.0,3.0,8.0,3.0,0.0,0.2,0.45,0.0,0.0,0.0,0.0,16.23,11.0,10.5,1.0,0.2,0.01,0.01,0.85,0.82,0.81
847897584842278484801,2026,Marchment-Celebrini-Smith,SJS,line,5on5,2,1450.0,2.0,0.44,0.53,0.57,13.99,0.79,1.33,2.71,0.04,7.46,7.66,0.79,0.77,0.77,14.0,6.0,4.0,24.0,1.0,1.0,0.0,3.0,0.0,7.0,8.0,13.0,19.0,3.0,9.0,14.0,8.0,5.0,10.0,17.0,3.0,0.0,0.52,0.27,0.0,1.0,0.0,0.0,23.87,20.0,19.8,2.0,0.28,0.01,0.01,1.06,1.03,1.02,10.35,1.02,1.03,1.68,0.04,5.73,5.51,0.97,1.03,0.98,11.0,4.0,6.0,21.0,2.0,1.0,0.0,2.0,0.0,6.0,4.0,9.0,13.0,2.0,7.0,13.0,15.0,3.0,9.0,11.0,3.0,1.0,0.3,0.31,0.41,2.0,0.0,0.0,20.8,15.0,15.02,3.0,0.22,0.41,0.41,0.82,0.85,0.82
84751678480426,2026,D'Astous-Hedman,TBL,pairing,5on5,2,785.0,8.0,0.34,0.4,0.39,7.15,0.48,1.34,1.2,0.02,2.88,3.08,0.46,0.47,0.45,8.0,1.0,3.0,12.0,1.0,6.0,1.0,1.0,0.0,1.0,0.0,7.0,8.0,1.0,2.0,4.0,9.0,1.0,6.0,6.0,3.0,0.0,0.19,0.29,0.0,1.0,0.0,0.0,10.98,9.0,8.59,4.0,0.3,0.25,0.25,0.53,0.52,0.49,10.74,0.95,0.97,1.97,0.03,5.19,4.89,0.89,0.97,0.91,8.0,6.0,4.0,18.0,1.0,2.0,0.0,2.0,0.0,4.0,5.0,7.0,13.0,2.0,4.0,9.0,6.0,0.0,7.0,10.0,4.0,0.0,0.34,0.61,0.0,1.0,0.0,0.0,19.04,14.0,14.2,5.0,0.21,0.18,0.18,0.97,1.0,0.95
84821768484783,2026,Levshunov-Kaiser,CHI,pairing,5on5,3,2485.0,4.0,0.34,0.39,0.39,17.25,1.07,1.57,3.49,0.04,8.92,8.92,1.04,1.08,1.06,14.0,10.0,7.0,31.0,0.0,2.0,0.0,4.0,0.0,9.0,9.0,14.0,24.0,2.0,4.0,24.0,9.0,3.0,14.0,19.0,4.0,1.0,0.46,0.38,0.23,0.0,0.0,0.0,30.17,24.0,23.74,9.0,0.33,0.26,0.26,1.13,1.16,1.15,27.84,2.09,2.97,5.53,0.07,13.59,12.75,1.99,2.06,1.96,26.0,11.0,12.0,49.0,2.0,2.0,0.0,9.0,0.0,17.0,7.0,24.0,35.0,1.0,2.0,21.0,22.0,2.0,15.0,29.0,7.0,1.0,0.98,0.89,0.22,1.0,1.0,0.0,50.48,37.0,37.34,4.0,0.63,0.18,0.18,2.54,2.5,2.38
84768928484188,2026,Lindstein-Parayko,STL,pairing,5on5,2,751.0,9.0,0.51,0.48,0.45,7.84,0.86,0.56,1.26,0.02,3.56,3.75,0.84,0.9,0.88,7.0,3.0,5.0,15.0,1.0,1.0,1.0,1.0,1.0,4.0,2.0,6.0,9.0,3.0,9.0,3.0,4.0,1.0,0.0,8.0,0.0,2.0,0.16,0.0,0.7,0.0,0.0,1.0,15.78,10.0,10.46,0.0,0.11,0.44,0.45,0.53,0.53,0.51,9.05,0.82,0.82,1.56,0.03,4.4,4.38,0.8,0.77,0.75,8.0,4.0,4.0,16.0,0.0,1.0,0.0,2.0,0.0,4.0,5.0,8.0,12.0,1.0,5.0,10.0,5.0,0.0,3.0,7.0,5.0,0.0,0.18,0.64,0.0,0.0,0.0,0.0,14.73,12.0,11.09,2.0,0.17,0.0,0.0,0.99,0.93,0.9
847793484784028481617,2026,Draisaitl-Mcdavid-Podkolzin,EDM,line,5on5,2,1627.0,2.0,0.75,0.83,0.77,17.25,1.78,1.59,2.58,0.05,8.24,8.76,1.78,1.86,1.85,14.0,9.0,11.0,34.0,4.0,0.0,0.0,2.0,0.0,8.0,9.0,10.0,19.0,0.0,0.0,9.0,13.0,3.0,8.0,13.0,9.0,1.0,0.24,1.3,0.23,2.0,2.0,0.0,36.2,23.0,24.55,4.0,0.33,0.0,0.0,2.12,2.21,2.21,5.04,0.61,0.54,0.69,0.02,2.3,2.85,0.56,0.56,0.52,4.0,3.0,0.0,7.0,0.0,0.0,0.0,0.0,0.0,2.0,5.0,4.0,7.0,1.0,2.0,16.0,9.0,0.0,8.0,4.0,3.0,0.0,0.14,0.46,0.0,0.0,0.0,0.0,6.38,7.0,6.49,3.0,0.11,0.0,0.0,0.72,0.67,0.62
84773658477507,2026,Zadorov-Clifton,BOS,pairing,5on5,3,2944.0,7.0,0.63,0.56,0.55,24.62,2.07,2.63,4.43,0.07,11.6,12.21,1.98,2.14,2.04,19.0,14.0,12.0,45.0,2.0,2.0,1.0,5.0,1.0,6.0,17.0,17.0,31.0,2.0,4.0,29.0,46.0,8.0,23.0,23.0,9.0,1.0,0.56,1.16,0.35,0.0,1.0,1.0,46.4,33.0,33.86,11.0,0.55,0.38,0.38,2.24,2.29,2.25,20.44,1.23,2.18,3.87,0.05,9.51,10.17,1.21,1.24,1.22,23.0,4.0,9.0,36.0,3.0,3.0,0.0,8.0,0.0,6.0,7.0,20.0,24.0,1.0,2.0,15.0,11.0,3.0,16.0,23.0,4.0,0.0,0.78,0.45,0.0,3.0,0.0,0.0,36.0,27.0,26.99,5.0,0.45,0.2,0.2,1.48,1.49,1.47
84764638476874,2026,Maatta-Brodin,MIN,pairing,5on5,2,1515.0,4.0,0.79,0.61,0.64,11.58,0.97,1.35,1.94,0.04,5.84,5.86,0.97,1.02,1.01,11.0,5.0,4.0,20.0,0.0,1.0,0.0,3.0,0.0,4.0,8.0,11.0,16.0,1.0,2.0,13.0,8.0,2.0,8.0,13.0,2.0,1.0,0.48,0.23,0.27,0.0,0.0,0.0,21.16,16.0,16.82,2.0,0.27,0.07,0.07,1.18,1.23,1.22,6.48,0.26,0.58,1.31,0.02,3.39,3.43,0.26,0.25,0.25,2.0,7.0,4.0,13.0,0.0,1.0,0.0,0.0,0.0,4.0,4.0,2.0,9.0,0.0,0.0,9.0,13.0,1.0,10.0,8.0,1.0,0.0,0.18,0.09,0.0,0.0,0.0,0.0,12.36,9.0,8.69,4.0,0.12,0.01,0.01,0.37,0.36,0.35
847399484793518484938,2026,Benn-Hyry-Steel,DAL,line,5on5,2,665.0,8.0,0.89,0.82,0.92,7.99,0.62,0.85,1.39,0.03,3.99,4.11,0.6,0.59,0.57,6.0,5.0,3.0,14.0,0.0,1.0,0.0,2.0,0.0,5.0,3.0,6.0,11.0,1.0,2.0,8.0,8.0,0.0,3.0,8.0,3.0,0.0,0.23,0.4,0.0,0.0,0.0,0.0,13.13,11.0,10.38,1.0,0.18,0.0,0.0,0.8,0.75,0.73,0.47,0.08,0.08,0.06,0.0,0.45,0.33,0.06,0.07,0.06,1.0,0.0,2.0,3.0,0.0,0.0,0.0,0.0,0.0,0.0,1.0,1.0,1.0,0.0,0.0,2.0,3.0,2.0,4.0,1.0,0.0,0.0,0.08,0.0,0.0,0.0,0.0,0.0,2.97,1.0,0.97,2.0,0.02,0.0,0.0,0.09,0.09,0.07
84800368481581,2026,Harley-Heiskanen,DAL,pairing,5on5,2,975.0,5.0,0.73,0.83,0.85,8.06,0.5,0.75,1.35,0.02,4.27,4.1,0.48,0.49,0.47,6.0,5.0,8.0,19.0,0.0,2.0,0.0,2.0,0.0,4.0,3.0,6.0,11.0,2.0,4.0,13.0,6.0,1.0,6.0,9.0,2.0,0.0,0.29,0.21,0.0,0.0,0.0,0.0,18.04,11.0,10.37,0.0,0.16,0.12,0.02,0.65,0.63,0.61,1.77,0.18,0.12,0.11,0.01,0.7,0.88,0.13,0.2,0.14,2.0,0.0,2.0,4.0,0.0,0.0,0.0,0.0,0.0,1.0,1.0,2.0,2.0,2.0,7.0,7.0,12.0,1.0,5.0,1.0,1.0,0.0,0.0,0.18,0.0,0.0,0.0,0.0,4.41,2.0,2.2,1.0,0.03,0.0,0.0,0.21,0.23,0.17
84773468479410,2026,Sergachev-Weegar,UTA,pairing,5on5,3,2606.0,5.0,0.64,0.64,0.69,31.32,2.58,3.38,5.79,0.09,15.24,14.93,2.49,2.64,2.54,29.0,13.0,17.0,59.0,0.0,5.0,0.0,10.0,0.0,17.0,10.0,29.0,42.0,6.0,15.0,32.0,36.0,4.0,12.0,31.0,8.0,3.0,0.83,1.09,0.65,0.0,0.0,0.0,61.66,42.0,43.24,5.0,0.7,0.14,0.14,3.14,3.22,3.1,14.1,1.47,1.35,2.42,0.04,6.47,7.25,1.44,1.4,1.36,9.0,10.0,14.0,33.0,1.0,1.0,0.0,1.0,0.0,8.0,8.0,8.0,18.0,5.0,13.0,20.0,18.0,4.0,13.0,11.0,7.0,1.0,0.32,0.95,0.2,0.0,1.0,0.0,31.17,19.0,18.45,10.0,0.28,0.05,0.05,1.71,1.63,1.59
847844484820798483499,2026,Ohgren-Rossi-Boeser,VAN,line,5on5,2,906.0,7.0,0.49,0.47,0.4,6.06,0.54,0.53,0.97,0.01,2.94,3.0,0.54,0.57,0.57,6.0,2.0,8.0,16.0,1.0,0.0,0.0,1.0,0.0,2.0,4.0,5.0,7.0,2.0,4.0,5.0,7.0,0.0,7.0,6.0,1.0,1.0,0.18,0.1,0.26,0.0,0.0,1.0,16.41,8.0,8.02,4.0,0.11,0.0,0.0,0.65,0.68,0.68,8.83,0.56,0.82,1.49,0.02,4.41,4.7,0.55,0.54,0.53,8.0,4.0,6.0,18.0,2.0,2.0,0.0,2.0,0.0,4.0,2.0,6.0,10.0,0.0,0.0,7.0,11.0,0.0,6.0,10.0,1.0,1.0,0.14,0.08,0.34,1.0,0.0,1.0,17.86,12.0,11.88,3.0,0.17,0.04,0.04,0.68,0.66,0.65
847688784815358484241,2026,Forsberg-Wood-Hoglander,NSH,line,5on5,2,711.0,6.0,0.73,0.79,0.76,8.93,0.74,0.99,1.48,0.02,4.74,5.03,0.71,0.72,0.68,4.0,9.0,6.0,19.0,0.0,1.0,0.0,0.0,0.0,6.0,6.0,4.0,13.0,0.0,0.0,5.0,2.0,2.0,6.0,9.0,4.0,0.0,0.31,0.43,0.0,0.0,0.0,0.0,18.44,13.0,12.69,2.0,0.21,0.01,0.01,0.94,0.9,0.86,2.69,0.28,0.35,0.52,0.01,1.25,1.59,0.28,0.29,0.29,3.0,1.0,1.0,5.0,0.0,0.0,0.0,0.0,0.0,1.0,3.0,3.0,4.0,0.0,0.0,7.0,4.0,0.0,2.0,2.0,2.0,0.0,0.04,0.23,0.0,0.0,0.0,0.0,5.23,4.0,4.22,0.0,0.07,0.0,0.0,0.35,0.37,0.37
847456484751588477021,2026,Kerfoot-O'Reilly-Stamkos,NSH,line,5on5,2,752.0,6.0,0.54,0.52,0.55,8.32,0.56,0.98,1.3,0.02,4.16,3.99,0.55,0.55,0.53,9.0,2.0,2.0,13.0,0.0,2.0,0.0,4.0,0.0,2.0,3.0,9.0,11.0,0.0,0.0,9.0,4.0,2.0,3.0,8.0,3.0,0.0,0.24,0.33,0.0,0.0,0.0,0.0,12.63,11.0,10.84,0.0,0.21,0.13,0.13,0.65,0.63,0.62,6.18,0.48,0.57,1.1,0.02,2.93,3.9,0.47,0.49,0.48,6.0,3.0,3.0,12.0,1.0,0.0,0.0,2.0,0.0,5.0,1.0,5.0,8.0,1.0,2.0,5.0,5.0,0.0,3.0,7.0,2.0,0.0,0.26,0.23,0.0,0.0,1.0,0.0,11.83,9.0,8.81,2.0,0.12,0.0,0.0,0.6,0.61,0.59
847415084807978484860,2026,Farabee-Backlund-Gridin,CGY,line,5on5,2,637.0,13.0,0.53,0.47,0.5,9.36,0.69,1.05,1.47,0.02,4.43,5.34,0.68,0.68,0.67,8.0,5.0,1.0,14.0,0.0,1.0,0.0,2.0,0.0,6.0,4.0,8.0,13.0,0.0,0.0,6.0,2.0,1.0,6.0,11.0,2.0,0.0,0.37,0.32,0.0,0.0,0.0,0.0,13.15,13.0,12.72,0.0,0.22,0.03,0.03,0.88,0.86,0.85,9.79,0.6,0.75,1.42,0.03,4.48,5.72,0.59,0.62,0.61,10.0,3.0,3.0,16.0,2.0,0.0,0.0,3.0,0.0,4.0,4.0,8.0,11.0,0.0,0.0,8.0,4.0,0.0,5.0,9.0,4.0,0.0,0.17,0.43,0.0,0.0,2.0,0.0,17.68,13.0,13.48,5.0,0.16,0.0,0.0,0.76,0.78,0.77
848018584821138483771,2026,Vilmanis-Lundell-Luostarinen,FLA,line,5on5,3,1475.0,7.0,0.73,0.6,0.54,14.48,1.54,1.62,2.08,0.03,7.64,7.09,1.53,1.59,1.58,13.0,7.0,8.0,28.0,1.0,2.0,0.0,1.0,0.0,8.0,8.0,12.0,19.0,1.0,2.0,16.0,19.0,2.0,9.0,13.0,7.0,0.0,0.49,1.05,0.0,1.0,0.0,0.0,28.23,20.0,20.14,3.0,0.34,0.2,0.2,1.68,1.74,1.73,11.54,0.57,1.21,2.49,0.03,6.73,5.98,0.57,0.55,0.55,9.0,8.0,2.0,19.0,1.0,1.0,0.0,3.0,1.0,5.0,6.0,8.0,16.0,2.0,4.0,11.0,14.0,1.0,12.0,16.0,1.0,0.0,0.48,0.09,0.0,1.0,0.0,0.0,18.87,17.0,16.93,8.0,0.25,0.01,0.01,0.81,0.78,0.78
848217784834898485395,2026,Khusnutdinov-Minten-Hagens,BOS,line,5on5,3,1736.0,8.0,0.41,0.54,0.45,10.95,0.75,1.16,2.12,0.03,5.47,5.46,0.74,0.77,0.76,9.0,6.0,10.0,25.0,0.0,1.0,0.0,1.0,0.0,7.0,6.0,9.0,15.0,1.0,2.0,6.0,9.0,1.0,6.0,12.0,2.0,1.0,0.26,0.26,0.23,0.0,0.0,0.0,25.81,15.0,15.48,2.0,0.24,0.03,0.03,0.96,0.98,0.97,14.67,1.1,1.85,2.35,0.03,6.0,6.67,1.08,1.1,1.08,11.0,7.0,3.0,21.0,0.0,3.0,0.0,4.0,0.0,7.0,4.0,11.0,18.0,0.0,0.0,14.0,8.0,1.0,14.0,13.0,4.0,1.0,0.38,0.51,0.21,0.0,0.0,0.0,20.81,18.0,17.93,4.0,0.39,0.12,0.12,1.37,1.37,1.35
847591384779648478403,2026,Barbashev-Eichel-Stone,VGK,line,5on5,3,1705.0,5.0,0.56,0.5,0.49,14.4,1.08,1.35,3.21,0.03,7.51,6.81,1.07,1.09,1.08,12.0,8.0,9.0,29.0,1.0,2.0,0.0,3.0,0.0,9.0,5.0,11.0,19.0,2.0,4.0,13.0,12.0,1.0,15.0,18.0,0.0,2.0,0.52,0.0,0.56,0.0,0.0,1.0,29.53,20.0,20.16,8.0,0.27,0.09,0.09,1.26,1.28,1.26,15.81,0.86,1.84,3.0,0.04,7.82,7.45,0.83,0.86,0.83,15.0,6.0,8.0,29.0,0.0,2.0,0.0,4.0,0.0,9.0,6.0,15.0,21.0,2.0,4.0,19.0,14.0,3.0,8.0,16.0,5.0,0.0,0.37,0.48,0.0,0.0,0.0,0.0,28.62,21.0,20.54,1.0,0.39,0.12,0.12,1.13,1.12,1.09
847534384835538483890,2026,Gatcomb-Dowd-Bowman,VGK,line,5on5,3,1032.0,15.0,0.42,0.5,0.48,7.9,0.59,0.83,1.57,0.02,3.84,4.15,0.57,0.62,0.59,10.0,1.0,2.0,13.0,1.0,1.0,1.0,5.0,0.0,3.0,1.0,9.0,10.0,1.0,2.0,9.0,11.0,1.0,6.0,10.0,0.0,1.0,0.28,0.0,0.31,0.0,0.0,1.0,13.3,11.0,11.0,2.0,0.17,0.31,0.31,0.45,0.44,0.44,8.82,0.81,0.92,1.49,0.02,4.48,4.29,0.74,0.81,0.73,10.0,2.0,1.0,13.0,2.0,1.0,0.0,0.0,0.0,4.0,5.0,8.0,10.0,2.0,4.0,7.0,17.0,0.0,6.0,7.0,4.0,1.0,0.17,0.4,0.23,1.0,1.0,0.0,12.64,12.0,11.77,3.0,0.2,0.23,0.23,0.77,0.77,0.71
84768858482700,2026,Allan-Trouba,SJS,pairing,5on5,2,1544.0,5.0,0.32,0.4,0.42,11.07,0.6,0.93,2.24,0.02,5.39,5.82,0.6,0.58,0.58,11.0,4.0,2.0,17.0,1.0,0.0,0.0,4.0,0.0,2.0,8.0,10.0,14.0,4.0,13.0,13.0,14.0,4.0,10.0,11.0,4.0,0.0,0.18,0.41,0.0,1.0,0.0,0.0,17.03,15.0,15.01,6.0,0.19,0.0,0.0,0.79,0.77,0.77,15.83,1.26,1.64,3.29,0.03,7.09,7.7,1.25,1.31,1.3,16.0,5.0,5.0,26.0,2.0,0.0,0.0,4.0,0.0,9.0,6.0,14.0,19.0,2.0,7.0,16.0,14.0,4.0,2.0,17.0,2.0,2.0,0.38,0.33,0.56,1.0,1.0,0.0,26.04,21.0,21.16,1.0,0.34,0.0,0.0,1.6,1.66,1.65
847572684849948485402,2026,Chernyshov-Misa-Toffoli,SJS,line,5on5,2,1080.0,6.0,0.21,0.33,0.32,7.03,0.42,0.74,1.26,0.01,3.4,4.17,0.42,0.41,0.41,6.0,4.0,3.0,13.0,1.0,0.0,0.0,2.0,0.0,2.0,5.0,5.0,9.0,0.0,0.0,6.0,4.0,1.0,16.0,9.0,1.0,0.0,0.25,0.17,0.0,1.0,0.0,0.0,12.65,10.0,9.77,10.0,0.15,0.0,0.0,0.57,0.56,0.55,15.08,1.56,1.81,2.52,0.04,7.71,7.35,1.53,1.62,1.59,10.0,11.0,5.0,26.0,1.0,2.0,0.0,1.0,0.0,9.0,8.0,9.0,20.0,1.0,2.0,12.0,13.0,0.0,4.0,14.0,5.0,2.0,0.51,0.59,0.47,0.0,1.0,0.0,26.03,21.0,21.15,2.0,0.38,0.2,0.2,1.75,1.81,1.78
84764678484240,2026,Oleksiak-Willander,VAN,pairing,5on5,4,2790.0,5.0,0.31,0.29,0.24,10.97,1.23,1.21,1.93,0.03,5.22,5.39,1.19,1.15,1.11,6.0,9.0,11.0,26.0,2.0,2.0,1.0,0.0,0.0,4.0,7.0,4.0,13.0,3.0,6.0,17.0,26.0,4.0,12.0,10.0,4.0,1.0,0.31,0.53,0.39,1.0,0.0,1.0,24.82,15.0,14.33,6.0,0.25,0.41,0.41,1.07,1.0,0.99,35.07,2.69,3.22,6.52,0.08,16.17,18.31,2.62,2.68,2.6,33.0,14.0,16.0,63.0,2.0,3.0,0.0,9.0,0.0,20.0,13.0,31.0,45.0,3.0,6.0,19.0,25.0,2.0,13.0,36.0,9.0,2.0,0.94,1.2,0.55,0.0,0.0,2.0,63.86,47.0,47.29,6.0,0.66,0.33,0.33,3.03,3.01,2.93
84754628484304,2026,Balinskis-Gudas,FLA,pairing,5on5,2,1242.0,6.0,0.93,0.76,0.87,14.56,1.3,1.5,2.45,0.03,7.71,7.01,1.25,1.34,1.3,11.0,9.0,8.0,28.0,1.0,3.0,1.0,1.0,0.0,10.0,5.0,10.0,19.0,0.0,0.0,7.0,18.0,2.0,7.0,13.0,6.0,1.0,0.3,0.78,0.22,0.0,0.0,1.0,28.19,20.0,20.14,2.0,0.31,0.42,0.42,1.19,1.23,1.21,2.39,0.1,0.18,0.48,0.0,1.05,1.17,0.1,0.1,0.1,2.0,1.0,6.0,9.0,0.0,0.0,0.0,2.0,0.0,0.0,1.0,2.0,3.0,4.0,8.0,8.0,12.0,1.0,7.0,2.0,1.0,0.0,0.02,0.09,0.0,0.0,0.0,0.0,8.95,3.0,2.91,5.0,0.04,0.0,0.0,0.14,0.14,0.14
847646184785698483731,2026,Bump-Acciari-Couturier,PHI,line,5on5,1,607.0,2.0,0.45,0.33,0.29,3.29,0.61,0.43,0.42,0.01,1.36,1.18,0.56,0.58,0.53,4.0,0.0,3.0,7.0,0.0,2.0,0.0,0.0,0.0,0.0,2.0,4.0,4.0,1.0,2.0,8.0,4.0,1.0,4.0,1.0,2.0,1.0,0.04,0.22,0.35,0.0,0.0,0.0,6.79,4.0,3.88,2.0,0.1,0.38,0.38,0.32,0.3,0.29,7.61,0.75,0.71,1.24,0.02,3.57,3.71,0.74,0.78,0.77,5.0,5.0,4.0,14.0,0.0,1.0,0.0,2.0,0.0,5.0,2.0,5.0,10.0,1.0,2.0,8.0,2.0,1.0,2.0,6.0,3.0,1.0,0.26,0.28,0.22,0.0,0.0,0.0,14.11,10.0,10.11,2.0,0.15,0.09,0.09,0.82,0.84,0.84
84772208478507,2026,Schmidt-Marino,UTA,pairing,5on5,3,2595.0,4.0,0.55,0.6,0.59,24.0,2.14,2.47,3.89,0.06,11.58,11.86,1.98,2.15,1.98,19.0,13.0,16.0,48.0,2.0,3.0,0.0,1.0,0.0,10.0,16.0,17.0,30.0,3.0,6.0,21.0,23.0,8.0,9.0,24.0,6.0,2.0,0.91,0.78,0.45,2.0,0.0,0.0,48.96,32.0,32.37,5.0,0.52,0.1,0.1,2.57,2.58,2.41,16.08,1.78,1.56,2.67,0.05,7.67,8.27,1.74,1.73,1.69,10.0,12.0,10.0,32.0,2.0,2.0,1.0,3.0,0.0,10.0,5.0,8.0,20.0,2.0,4.0,22.0,10.0,2.0,16.0,11.0,11.0,0.0,0.25,1.53,0.0,1.0,1.0,0.0,30.69,22.0,21.37,10.0,0.32,0.19,0.19,1.91,1.85,1.84
847692584774268484158,2026,Paul-Sissons-Cowan,TOR,line,5on5,3,1187.0,9.0,0.71,0.71,0.71,15.28,0.93,2.17,2.51,0.04,7.37,6.98,0.9,0.9,0.88,14.0,6.0,5.0,25.0,1.0,3.0,0.0,3.0,0.0,9.0,4.0,13.0,19.0,2.0,4.0,16.0,14.0,1.0,8.0,16.0,4.0,0.0,0.53,0.4,0.0,0.0,1.0,0.0,24.8,20.0,19.9,3.0,0.47,0.15,0.15,1.25,1.22,1.19,5.47,0.38,0.59,0.99,0.02,3.02,3.01,0.38,0.39,0.39,5.0,3.0,2.0,10.0,1.0,2.0,1.0,1.0,0.0,2.0,2.0,4.0,7.0,2.0,4.0,10.0,16.0,0.0,6.0,6.0,2.0,0.0,0.16,0.22,0.0,1.0,0.0,0.0,10.21,8.0,8.1,5.0,0.12,0.14,0.14,0.37,0.37,0.37
84769028480036,2026,Heiskanen-Lindell,DAL,pairing,5on5,2,883.0,7.0,0.42,0.45,0.5,6.39,0.46,0.69,1.2,0.02,3.5,4.13,0.45,0.47,0.46,5.0,5.0,3.0,13.0,1.0,0.0,0.0,0.0,0.0,5.0,4.0,4.0,9.0,0.0,0.0,4.0,9.0,0.0,3.0,9.0,1.0,0.0,0.36,0.1,0.0,0.0,1.0,0.0,12.86,10.0,9.78,3.0,0.14,0.0,0.0,0.6,0.61,0.6,7.37,0.64,0.91,1.03,0.02,3.65,3.75,0.6,0.62,0.59,9.0,1.0,6.0,16.0,0.0,2.0,0.0,3.0,0.0,4.0,1.0,9.0,10.0,0.0,0.0,8.0,3.0,3.0,5.0,6.0,4.0,0.0,0.2,0.45,0.0,0.0,0.0,0.0,16.15,10.0,10.12,2.0,0.2,0.21,0.21,0.63,0.61,0.59
847740484785198479542,2026,Hagel-Cirelli-Guentzel,TBL,line,5on5,2,949.0,4.0,0.57,0.63,0.5,6.78,0.65,0.81,1.14,0.02,3.19,4.19,0.65,0.65,0.65,10.0,0.0,12.0,22.0,0.0,1.0,0.0,0.0,0.0,7.0,2.0,10.0,10.0,1.0,5.0,5.0,8.0,1.0,5.0,5.0,5.0,0.0,0.14,0.51,0.0,0.0,0.0,0.0,21.68,10.0,10.13,4.0,0.17,0.02,0.02,0.81,0.8,0.8,7.24,0.49,0.65,1.36,0.02,3.5,3.98,0.47,0.49,0.47,4.0,6.0,3.0,13.0,0.0,2.0,0.0,0.0,0.0,4.0,4.0,4.0,10.0,4.0,11.0,8.0,6.0,2.0,3.0,8.0,2.0,0.0,0.21,0.28,0.0,0.0,0.0,0.0,12.98,10.0,9.82,2.0,0.13,0.17,0.17,0.45,0.45,0.44
847854284817218482110,2026,Mercer-Rodrigues-Gritsyuk,NJD,line,5on5,2,1140.0,4.0,0.73,0.78,0.79,16.46,1.4,1.77,3.07,0.04,8.52,8.21,1.25,1.34,1.21,11.0,12.0,12.0,35.0,0.0,1.0,0.0,6.0,0.0,10.0,6.0,11.0,23.0,0.0,0.0,19.0,5.0,1.0,6.0,16.0,7.0,0.0,0.46,0.93,0.0,0.0,0.0,0.0,32.89,23.0,22.05,2.0,0.37,0.05,0.05,1.71,1.65,1.48,4.36,0.51,0.51,0.62,0.02,2.33,2.01,0.5,0.54,0.52,6.0,0.0,4.0,10.0,1.0,0.0,0.0,0.0,0.0,3.0,2.0,5.0,5.0,1.0,2.0,11.0,11.0,0.0,10.0,3.0,3.0,0.0,0.15,0.36,0.0,0.0,1.0,0.0,10.8,6.0,6.31,5.0,0.11,0.0,0.0,0.62,0.66,0.64
84834908484262,2026,Mintyukov-Mitchell,ANA,pairing,5on5,2,1553.0,5.0,0.43,0.35,0.38,9.6,0.83,0.83,1.19,0.02,4.21,4.92,0.81,0.88,0.87,7.0,5.0,3.0,15.0,0.0,2.0,0.0,1.0,0.0,5.0,4.0,7.0,12.0,2.0,4.0,9.0,13.0,3.0,11.0,6.0,6.0,0.0,0.15,0.67,0.0,0.0,0.0,0.0,16.27,12.0,12.94,6.0,0.17,0.31,0.05,0.95,1.01,1.0,14.41,1.07,1.38,2.77,0.04,7.14,7.6,1.06,1.04,1.03,9.0,11.0,8.0,28.0,0.0,0.0,0.0,2.0,0.0,11.0,7.0,9.0,20.0,1.0,2.0,15.0,7.0,1.0,8.0,15.0,4.0,1.0,0.37,0.49,0.21,0.0,0.0,0.0,25.84,20.0,18.64,4.0,0.28,0.0,0.0,1.35,1.31,1.29
84768538478178,2026,Rielly-Raddysh,TOR,pairing,5on5,3,2242.0,4.0,0.5,0.59,0.6,26.68,1.73,2.71,4.27,0.06,13.02,14.2,1.72,1.67,1.66,28.0,8.0,8.0,44.0,2.0,2.0,0.0,7.0,0.0,11.0,14.0,26.0,34.0,2.0,4.0,15.0,18.0,2.0,13.0,29.0,7.0,0.0,0.93,0.8,0.0,1.0,1.0,0.0,43.42,36.0,35.47,5.0,0.59,0.04,0.04,2.27,2.2,2.18,16.97,1.75,1.61,2.85,0.06,8.67,9.07,1.71,1.82,1.78,13.0,11.0,7.0,31.0,3.0,0.0,0.0,2.0,0.0,7.0,12.0,10.0,21.0,2.0,4.0,15.0,13.0,1.0,8.0,14.0,9.0,1.0,0.35,1.05,0.35,1.0,1.0,1.0,31.43,24.0,24.63,4.0,0.33,0.0,0.0,2.08,2.16,2.12
847845884793188480893,2026,Roslovic-Matthews-Marchenko,TOR,line,5on5,3,1814.0,3.0,0.8,0.67,0.69,20.36,1.77,2.27,3.08,0.05,9.99,9.83,1.76,1.71,1.7,21.0,6.0,8.0,35.0,0.0,3.0,0.0,5.0,0.0,8.0,11.0,21.0,27.0,4.0,8.0,17.0,12.0,1.0,8.0,19.0,8.0,0.0,0.66,1.11,0.0,0.0,0.0,0.0,34.68,27.0,26.55,4.0,0.49,0.06,0.06,2.2,2.12,2.11,8.75,0.45,0.65,1.61,0.02,4.3,4.97,0.45,0.47,0.47,9.0,3.0,5.0,17.0,0.0,0.0,0.0,2.0,0.0,3.0,7.0,9.0,12.0,1.0,2.0,15.0,16.0,2.0,15.0,10.0,2.0,0.0,0.22,0.23,0.0,0.0,0.0,0.0,17.56,12.0,12.48,8.0,0.13,0.0,0.0,0.58,0.61,0.61
84821658483495,2026,Kuznetsov-Nemec,CGY,pairing,5on5,2,1108.0,12.0,0.36,0.6,0.49,12.61,0.62,1.54,2.15,0.04,6.34,6.31,0.58,0.6,0.56,8.0,9.0,12.0,29.0,0.0,3.0,0.0,2.0,0.0,6.0,6.0,8.0,17.0,0.0,0.0,10.0,13.0,1.0,3.0,16.0,1.0,0.0,0.52,0.1,0.0,0.0,0.0,0.0,26.33,17.0,16.23,0.0,0.32,0.15,0.15,0.79,0.77,0.73,13.17,1.1,1.27,2.42,0.04,6.18,6.99,1.08,1.13,1.11,11.0,7.0,1.0,19.0,2.0,0.0,0.0,2.0,0.0,8.0,6.0,9.0,16.0,1.0,2.0,10.0,11.0,0.0,4.0,12.0,6.0,0.0,0.35,0.74,0.0,1.0,1.0,0.0,21.24,18.0,18.82,3.0,0.26,0.0,0.0,1.36,1.4,1.38
84752798484223,2026,Chiarot-Sandin-Pellikka,DET,pairing,5on5,2,1128.0,5.0,0.8,0.68,0.65,12.91,1.88,1.49,1.69,0.04,6.38,5.53,1.7,1.73,1.57,9.0,8.0,6.0,23.0,1.0,2.0,1.0,1.0,0.0,8.0,5.0,8.0,16.0,3.0,9.0,13.0,12.0,1.0,4.0,11.0,4.0,2.0,0.39,0.49,0.99,0.0,0.0,1.0,21.1,17.0,15.68,2.0,0.32,0.99,0.99,1.21,1.12,1.04,6.89,0.46,0.7,1.14,0.02,3.03,3.64,0.45,0.5,0.48,7.0,2.0,2.0,11.0,0.0,2.0,0.0,1.0,0.0,6.0,0.0,7.0,9.0,3.0,9.0,10.0,11.0,2.0,9.0,8.0,1.0,0.0,0.36,0.1,0.0,0.0,0.0,0.0,11.9,9.0,9.67,5.0,0.15,0.1,0.1,0.51,0.55,0.54
847795584826658482713,2026,Mccann-Beniers-Samoskevich,SEA,line,5on5,1,801.0,1.0,0.57,0.45,0.45,6.85,0.6,0.6,1.15,0.01,2.8,3.84,0.6,0.61,0.61,5.0,4.0,1.0,10.0,2.0,1.0,0.0,2.0,0.0,2.0,2.0,3.0,7.0,1.0,2.0,5.0,3.0,1.0,4.0,6.0,2.0,1.0,0.12,0.25,0.23,0.0,1.0,1.0,10.83,9.0,9.28,2.0,0.12,0.01,0.01,0.71,0.72,0.72,7.53,0.45,0.77,1.43,0.02,3.78,4.55,0.45,0.44,0.44,8.0,3.0,1.0,12.0,0.0,0.0,0.0,1.0,0.0,4.0,6.0,8.0,11.0,0.0,0.0,10.0,5.0,0.0,4.0,10.0,1.0,0.0,0.35,0.1,0.0,0.0,0.0,0.0,10.74,11.0,10.5,0.0,0.15,0.0,0.0,0.61,0.59,0.58
847933684800158481533,2026,Tippett-Zegras-Grundstrom,PHI,line,5on5,1,696.0,1.0,0.26,0.35,0.39,4.81,0.38,0.57,1.04,0.01,2.32,2.68,0.35,0.35,0.33,4.0,3.0,2.0,9.0,1.0,0.0,0.0,0.0,0.0,4.0,2.0,3.0,6.0,0.0,0.0,0.0,10.0,0.0,2.0,6.0,1.0,0.0,0.26,0.11,0.0,0.0,1.0,0.0,8.56,7.0,6.69,1.0,0.12,0.0,0.0,0.49,0.46,0.44,8.55,1.09,0.87,1.38,0.02,3.76,3.88,1.02,1.13,1.06,8.0,3.0,6.0,17.0,0.0,3.0,0.0,1.0,0.0,4.0,3.0,8.0,11.0,2.0,4.0,9.0,3.0,1.0,5.0,8.0,2.0,1.0,0.37,0.26,0.46,0.0,0.0,0.0,17.14,11.0,11.0,1.0,0.18,0.58,0.58,0.69,0.71,0.67
848155484835248484800,2026,Wright-Catton-Kakko,SEA,line,5on5,1,707.0,3.0,0.61,0.42,0.45,5.77,0.75,0.73,0.98,0.02,3.08,3.44,0.73,0.77,0.75,5.0,4.0,4.0,13.0,2.0,0.0,0.0,0.0,0.0,5.0,2.0,3.0,7.0,0.0,0.0,4.0,2.0,0.0,4.0,4.0,5.0,0.0,0.21,0.54,0.0,0.0,2.0,0.0,14.45,9.0,9.36,2.0,0.15,0.0,0.0,0.91,0.93,0.9,8.11,0.48,0.83,1.56,0.01,4.02,4.09,0.48,0.47,0.46,6.0,5.0,7.0,18.0,0.0,2.0,0.0,1.0,0.0,5.0,3.0,6.0,11.0,0.0,0.0,7.0,5.0,1.0,3.0,9.0,2.0,0.0,0.27,0.21,0.0,0.0,0.0,0.0,16.15,11.0,10.5,2.0,0.17,0.03,0.03,0.62,0.6,0.6
84815248481568,2026,Byram-Vlasic,CHI,pairing,5on5,2,1468.0,4.0,0.11,0.17,0.16,4.27,0.27,0.39,0.69,0.01,2.21,2.43,0.27,0.27,0.27,3.0,3.0,2.0,8.0,0.0,0.0,0.0,0.0,0.0,3.0,3.0,3.0,6.0,1.0,2.0,8.0,4.0,3.0,7.0,4.0,2.0,0.0,0.06,0.21,0.0,0.0,0.0,0.0,7.32,6.0,5.73,5.0,0.08,0.0,0.0,0.35,0.34,0.34,22.93,2.17,2.5,4.23,0.06,11.69,11.35,2.0,2.16,1.99,18.0,14.0,7.0,39.0,3.0,3.0,1.0,7.0,0.0,9.0,10.0,15.0,29.0,0.0,0.0,13.0,13.0,2.0,8.0,24.0,6.0,2.0,0.93,0.69,0.56,1.0,1.0,1.0,40.42,32.0,32.63,4.0,0.51,0.18,0.18,2.5,2.48,2.31
